sport,league,confidence,shared_teams,days_apart,poly_market_id,poly_title,poly_outcome,poly_teams,poly_date,poly_url,poly_slug,poly_event_url,poly_outcomes,poly_token_ids,expiry_poly_utc,resolution_time,kalshi_event_ticker,kalshi_market_id,kalshi_title,kalshi_teams,kalshi_date,kalshi_url,expiry_kalshi_utc
Ice Hockey,NHL,high,lightning; senators,0,1559302,lightning senators lightning,Lightning,Lightning; Senators,2026-04-07,https://polymarket.com/event/nhl-tb-ott-2026-04-07,nhl-tb-ott-2026-04-07,https://polymarket.com/event/nhl-tb-ott-2026-04-07,"[""Lightning"", ""Senators""]","[""111151518511319776541690015623626804508565205760654425247241482609810639205265"", ""17892084660450335619692968555343054913839177043652475005934677676921205726972""]",2026-04-07,2026-04-07,KXNHLGAME-26APR07TBOTT,KXNHLGAME-26APR07TBOTT-TB,Tampa Bay at Ottawa Winner?,Lightning; Senators,2026-04-07,https://kalshi.com/markets/KXNHLGAME-26APR07TBOTT-TB,2026-04-21T23:00:00Z
Ice Hockey,NHL,high,devils; flyers,0,1559307,flyers devils devils,Devils,Devils; Flyers,2026-04-07,https://polymarket.com/event/nhl-phi-nj-2026-04-07,nhl-phi-nj-2026-04-07,https://polymarket.com/event/nhl-phi-nj-2026-04-07,"[""Devils"", ""Flyers""]","[""67317793186736646892887356811963102784832953278305911362730704332646144254259"", ""53556274957776888169320251699995891324608880849121646196535037889439416310008""]",2026-04-07,2026-04-07,KXNHLGAME-26APR07PHINJ,KXNHLGAME-26APR07PHINJ-NJ,Philadelphia at New Jersey Winner?,Flyers; Devils,2026-04-07,https://kalshi.com/markets/KXNHLGAME-26APR07PHINJ-NJ,2026-04-21T23:00:00Z
Ice Hockey,NHL,high,canadiens; panthers,0,1559312,panthers canadiens canadiens,Canadiens,Canadiens; Panthers,2026-04-07,https://polymarket.com/event/nhl-fla-mon-2026-04-07,nhl-fla-mon-2026-04-07,https://polymarket.com/event/nhl-fla-mon-2026-04-07,"[""Canadiens"", ""Panthers""]","[""20053341509244210449214676077375401443071593239984667896595965278826081191540"", ""56184262093389636438560272061591113733380765549736118665447561271411814052628""]",2026-04-07,2026-04-07,KXNHLGAME-26APR07FLAMTL,KXNHLGAME-26APR07FLAMTL-MTL,Florida at Montreal Winner?,Panthers; Canadiens,2026-04-07,https://kalshi.com/markets/KXNHLGAME-26APR07FLAMTL-MTL,2026-04-21T23:00:00Z
Ice Hockey,NHL,high,bruins; hurricanes,0,1559317,bruins hurricanes bruins,Bruins,Bruins; Hurricanes,2026-04-07,https://polymarket.com/event/nhl-bos-car-2026-04-07,nhl-bos-car-2026-04-07,https://polymarket.com/event/nhl-bos-car-2026-04-07,"[""Bruins"", ""Hurricanes""]","[""61494474840606251551778244205501095663604483487941709959650262320638961087015"", ""59330487411412278270169180918108749437459815518333047753836355324199769950750""]",2026-04-07,2026-04-07,KXNHLGAME-26APR07BOSCAR,KXNHLGAME-26APR07BOSCAR-BOS,Boston at Carolina Winner?,Bruins; Hurricanes,2026-04-07,https://kalshi.com/markets/KXNHLGAME-26APR07BOSCAR-BOS,2026-04-21T23:00:00Z
Ice Hockey,NHL,high,blue jackets; red wings,0,1559322,blue jackets red wings blue jackets,Blue Jackets,Blue Jackets; Red Wings,2026-04-07,https://polymarket.com/event/nhl-cbj-det-2026-04-07,nhl-cbj-det-2026-04-07,https://polymarket.com/event/nhl-cbj-det-2026-04-07,"[""Blue Jackets"", ""Red Wings""]","[""14622339507462060373969045535808206681457133131280515126971384945596288463568"", ""21050348122795806411607345332009631554920586839470712296370264101038732928706""]",2026-04-07,2026-04-07,KXNHLGAME-26APR07CBJDET,KXNHLGAME-26APR07CBJDET-CBJ,Columbus at Detroit Winner?,Blue Jackets; Red Wings,2026-04-07,https://kalshi.com/markets/KXNHLGAME-26APR07CBJDET-CBJ,2026-04-21T23:00:00Z
Soccer,Champions League,high,bayern munich; real madrid,0,1718890,real madrid fc bayern munchen teams score,Yes,Real Madrid; Bayern Munich,2026-04-07,https://polymarket.com/event/ucl-rma1-bay1-2026-04-07-btts,ucl-rma1-bay1-2026-04-07-btts,https://polymarket.com/event/ucl-rma1-bay1-2026-04-07-btts,"[""Yes"", ""No""]","[""41093211488385950327734595316920778657986871146776460330990490741744580801933"", ""104408850606082371499614190976675702397006008372583489923393377053034929364978""]",2026-04-07,2026-04-07,KXUCLBTTS-26APR07RMABMU,KXUCLBTTS-26APR07RMABMU,Bayern Munich at Real Madrid: Both Teams to Score,Bayern Munich; Real Madrid,2026-04-07,https://kalshi.com/markets/KXUCLBTTS-26APR07RMABMU,2026-04-21T19:00:00Z
Soccer,Champions League,high,arsenal; sporting cp,0,1718899,sporting cp arsenal fc teams score,Yes,Sporting CP; Arsenal,2026-04-07,https://polymarket.com/event/ucl-spo1-ars-2026-04-07-btts,ucl-spo1-ars-2026-04-07-btts,https://polymarket.com/event/ucl-spo1-ars-2026-04-07-btts,"[""Yes"", ""No""]","[""44149737625574959248547430781387915190339069023387334312881498446696555632881"", ""45948896637962620830514131276326949115451385424652486323941267582438176584478""]",2026-04-07,2026-04-07,KXUCLBTTS-26APR07SPOARS,KXUCLBTTS-26APR07SPOARS,Arsenal at Sporting CP: Both Teams to Score,Arsenal; Sporting CP,2026-04-07,https://kalshi.com/markets/KXUCLBTTS-26APR07SPOARS,2026-04-21T19:00:00Z
Basketball,NBA,high,bucks; nets,0,1815992,bucks nets bucks,Bucks,Bucks; Nets,2026-04-07,https://polymarket.com/event/nba-mil-bkn-2026-04-07,nba-mil-bkn-2026-04-07,https://polymarket.com/event/nba-mil-bkn-2026-04-07,"[""Bucks"", ""Nets""]","[""93072992077554393278405727794696069000725842181173500464232671377232327287819"", ""24075484028023309464832318293775939879498249291614665099119379908857537744994""]",2026-04-07,2026-04-07,KXNBAGAME-26APR07MILBKN,KXNBAGAME-26APR07MILBKN-MIL,Milwaukee at Brooklyn Winner?,Bucks; Nets,2026-04-07,https://kalshi.com/markets/KXNBAGAME-26APR07MILBKN-MIL,2026-04-21T23:30:00Z
Basketball,NBA,high,heat; raptors,0,1816002,heat raptors heat,Heat,Heat; Raptors,2026-04-07,https://polymarket.com/event/nba-mia-tor-2026-04-07,nba-mia-tor-2026-04-07,https://polymarket.com/event/nba-mia-tor-2026-04-07,"[""Heat"", ""Raptors""]","[""70871994213720722155234983087455102941965774280031864144243496246158733227078"", ""110701987295409675357649111927198221764427852275061780680459232271073222223674""]",2026-04-07,2026-04-07,KXNBAGAME-26APR07MIATOR,KXNBAGAME-26APR07MIATOR-MIA,Miami at Toronto Winner?,Heat; Raptors,2026-04-07,https://kalshi.com/markets/KXNBAGAME-26APR07MIATOR-MIA,2026-04-21T23:30:00Z
Ice Hockey,NHL,high,blackhawks; sharks,1,1552116,blackhawks sharks blackhawks,Blackhawks,Blackhawks; Sharks,2026-04-07,https://polymarket.com/event/nhl-chi-sj-2026-04-06,nhl-chi-sj-2026-04-06,https://polymarket.com/event/nhl-chi-sj-2026-04-06,"[""Blackhawks"", ""Sharks""]","[""59301343961249167216202968354985268896061018168734357757630175669729503411170"", ""26581675696723026232663978020539515247942743004871385465016014315987120420289""]",2026-04-07,2026-04-07,KXNHLGAME-26APR06CHISJ,KXNHLGAME-26APR06CHISJ-CHI,Chicago at San Jose Winner?,Blackhawks; Sharks,2026-04-06,https://kalshi.com/markets/KXNHLGAME-26APR06CHISJ-CHI,2026-04-21T02:00:00Z
Ice Hockey,NHL,high,kings; predators,1,1552121,predators kings kings,Kings,Kings; Predators,2026-04-07,https://polymarket.com/event/nhl-nsh-lak-2026-04-06,nhl-nsh-lak-2026-04-06,https://polymarket.com/event/nhl-nsh-lak-2026-04-06,"[""Kings"", ""Predators""]","[""59144976244027578122418735558253725340841978644131038167604229419047114199001"", ""72366711975805571374660628153225204556559937284048893748248897309484385762835""]",2026-04-07,2026-04-07,KXNHLGAME-26APR06NSHLA,KXNHLGAME-26APR06NSHLA-LA,Nashville at Los Angeles Winner?,Predators; Kings,2026-04-06,https://kalshi.com/markets/KXNHLGAME-26APR06NSHLA-LA,2026-04-21T02:30:00Z
Ice Hockey,NHL,high,kraken; wild,1,1559327,kraken wild kraken,Kraken,Kraken; Wild,2026-04-08,https://polymarket.com/event/nhl-sea-min-2026-04-07,nhl-sea-min-2026-04-07,https://polymarket.com/event/nhl-sea-min-2026-04-07,"[""Kraken"", ""Wild""]","[""15974059619651639136985675552304956698616459897077368689418854884573958609608"", ""1326989603149006759210565100905816028581377666796507435244425945063256065586""]",2026-04-08,2026-04-08,KXNHLGAME-26APR07SEAMIN,KXNHLGAME-26APR07SEAMIN-SEA,Seattle at Minnesota Winner?,Kraken; Wild,2026-04-07,https://kalshi.com/markets/KXNHLGAME-26APR07SEAMIN-SEA,2026-04-22T00:00:00Z
Ice Hockey,NHL,high,avalanche; blues,1,1559332,avalanche blues avalanche,Avalanche,Avalanche; Blues,2026-04-08,https://polymarket.com/event/nhl-col-stl-2026-04-07,nhl-col-stl-2026-04-07,https://polymarket.com/event/nhl-col-stl-2026-04-07,"[""Avalanche"", ""Blues""]","[""104344610037603884852893727631338128663850315145955461148422034837144995248341"", ""114386039940593349332396840663762610757899355411972423602742682079512222500080""]",2026-04-08,2026-04-08,KXNHLGAME-26APR07COLSTL,KXNHLGAME-26APR07COLSTL-COL,Colorado at St. Louis Winner?,Avalanche; Blues,2026-04-07,https://kalshi.com/markets/KXNHLGAME-26APR07COLSTL-COL,2026-04-22T00:00:00Z
Ice Hockey,NHL,high,flames; stars,1,1559337,flames stars flames,Flames,Flames; Stars,2026-04-08,https://polymarket.com/event/nhl-cal-dal-2026-04-07,nhl-cal-dal-2026-04-07,https://polymarket.com/event/nhl-cal-dal-2026-04-07,"[""Flames"", ""Stars""]","[""82940689957724582126904301832784560671575422324689423490534049048645839952329"", ""66226981386889602892694482794522849159639738427844733128886119522256363532419""]",2026-04-08,2026-04-08,KXNHLGAME-26APR07CGYDAL,KXNHLGAME-26APR07CGYDAL-CGY,Calgary at Dallas Winner?,Flames; Stars,2026-04-07,https://kalshi.com/markets/KXNHLGAME-26APR07CGYDAL-CGY,2026-04-22T00:00:00Z
Ice Hockey,NHL,high,ducks; predators,1,1559347,predators ducks ducks,Ducks,Ducks; Predators,2026-04-08,https://polymarket.com/event/nhl-nsh-ana-2026-04-07,nhl-nsh-ana-2026-04-07,https://polymarket.com/event/nhl-nsh-ana-2026-04-07,"[""Ducks"", ""Predators""]","[""915913911910361155039903658681511400198986628710423482335513382868148491760"", ""71388313518356619645461657543034009087882254030615907541228121418036742028883""]",2026-04-08,2026-04-08,KXNHLGAME-26APR07NSHANA,KXNHLGAME-26APR07NSHANA-ANA,Nashville at Anaheim Winner?,Predators; Ducks,2026-04-07,https://kalshi.com/markets/KXNHLGAME-26APR07NSHANA-ANA,2026-04-22T02:00:00Z
Ice Hockey,NHL,high,canucks; golden knights,1,1559352,golden knights canucks canucks,Canucks,Canucks; Golden Knights,2026-04-08,https://polymarket.com/event/nhl-las-van-2026-04-07,nhl-las-van-2026-04-07,https://polymarket.com/event/nhl-las-van-2026-04-07,"[""Canucks"", ""Golden Knights""]","[""74870151320765306967523453594054421985521629545772491063917970329144132266439"", ""84956380201050528187439871280236363579065937784097450581853482597104251566326""]",2026-04-08,2026-04-08,KXNHLGAME-26APR07VGKVAN,KXNHLGAME-26APR07VGKVAN-VAN,Vegas at Vancouver Winner?,Golden Knights; Canucks,2026-04-07,https://kalshi.com/markets/KXNHLGAME-26APR07VGKVAN-VAN,2026-04-22T02:00:00Z
Basketball,NBA,high,cavaliers; grizzlies,1,1806936,cavaliers grizzlies cavaliers,Cavaliers,Cavaliers; Grizzlies,2026-04-07,https://polymarket.com/event/nba-cle-mem-2026-04-06,nba-cle-mem-2026-04-06,https://polymarket.com/event/nba-cle-mem-2026-04-06,"[""Cavaliers"", ""Grizzlies""]","[""83474877724407764795045385111930968006033561473392289213302996298521208456982"", ""24269759971706120396307730572874502635509251612859256466384433977166047313141""]",2026-04-07,2026-04-07,KXNBAGAME-26APR06CLEMEM,KXNBAGAME-26APR06CLEMEM-CLE,Cleveland at Memphis Winner?,Cavaliers; Grizzlies,2026-04-06,https://kalshi.com/markets/KXNBAGAME-26APR06CLEMEM-CLE,2026-04-21T00:00:00Z
Basketball,NBA,high,nuggets; trail blazers,1,1806939,trail blazers nuggets nuggets,Nuggets,Nuggets; Trail Blazers,2026-04-07,https://polymarket.com/event/nba-por-den-2026-04-06,nba-por-den-2026-04-06,https://polymarket.com/event/nba-por-den-2026-04-06,"[""Nuggets"", ""Trail Blazers""]","[""88648954881639756666849898457598083337007027297210258859155264307134729673980"", ""93260937684991252417534379287832708829032275296019948646399612763613169331545""]",2026-04-07,2026-04-07,KXNBAGAME-26APR06PORDEN,KXNBAGAME-26APR06PORDEN-DEN,Portland at Denver Winner?,Trail Blazers; Nuggets,2026-04-06,https://kalshi.com/markets/KXNBAGAME-26APR06PORDEN-DEN,2026-04-21T01:00:00Z
Basketball,NBA,high,kings; warriors,1,1816007,kings warriors kings,Kings,Kings; Warriors,2026-04-08,https://polymarket.com/event/nba-sac-gsw-2026-04-07,nba-sac-gsw-2026-04-07,https://polymarket.com/event/nba-sac-gsw-2026-04-07,"[""Kings"", ""Warriors""]","[""59752835629667723214379456718242496989464328146142245786342917923555167682766"", ""63064025373294160623876527573813377016639757026090642489604285078366136079539""]",2026-04-08,2026-04-08,KXNBAGAME-26APR07SACGSW,KXNBAGAME-26APR07SACGSW-SAC,Sacramento at Golden State Winner?,Kings; Warriors,2026-04-07,https://kalshi.com/markets/KXNBAGAME-26APR07SACGSW-SAC,2026-04-22T02:00:00Z
Basketball,NBA,high,lakers; thunder,1,1816008,thunder lakers lakers,Lakers,Lakers; Thunder,2026-04-08,https://polymarket.com/event/nba-okc-lal-2026-04-07,nba-okc-lal-2026-04-07,https://polymarket.com/event/nba-okc-lal-2026-04-07,"[""Lakers"", ""Thunder""]","[""111726757334603814182390046883296764670940579510837431638588399743609803956294"", ""61459325400694149057278267910719159035133233059564577198792283109767099997103""]",2026-04-08,2026-04-08,KXNBAGAME-26APR07OKCLAL,KXNBAGAME-26APR07OKCLAL-LAL,Oklahoma City at Los Angeles L Winner?,Thunder; Lakers,2026-04-07,https://kalshi.com/markets/KXNBAGAME-26APR07OKCLAL-LAL,2026-04-22T02:30:00Z
Basketball,NBA,high,rockets; suns,1,1816010,rockets suns rockets,Rockets,Rockets; Suns,2026-04-08,https://polymarket.com/event/nba-hou-phx-2026-04-07,nba-hou-phx-2026-04-07,https://polymarket.com/event/nba-hou-phx-2026-04-07,"[""Rockets"", ""Suns""]","[""109493600539903440457522593648174019382989628141076875516660447368714330245913"", ""58043283259930267603301610868842635964256814773113503970131880741336519719079""]",2026-04-08,2026-04-08,KXNBAGAME-26APR07HOUPHX,KXNBAGAME-26APR07HOUPHX-HOU,Houston at Phoenix Winner?,Rockets; Suns,2026-04-07,https://kalshi.com/markets/KXNBAGAME-26APR07HOUPHX-HOU,2026-04-22T03:00:00Z
Esports,Valorant,high,flyquest; guardians,1,1828342,valorant flyquest alliance guardians bo3 vcl north america stage 2 stage alliance guardians,Alliance Guardians,Guardians; FlyQuest,2026-04-08,https://polymarket.com/event/val-fq-ag2-2026-04-07,val-fq-ag2-2026-04-07,https://polymarket.com/event/val-fq-ag2-2026-04-07,"[""Alliance Guardians"", ""FlyQuest""]","[""30467260553889754221991734596077020827875634969333454114797950930901346064958"", ""30991212454788219716064909864083561722264710001670430235552354213601470814182""]",2026-04-08,2026-04-08,KXVALORANTGAME-26APR071900AGFQ,KXVALORANTGAME-26APR071900AGFQ-AG,Will Alliance Guardians win the Alliance Guardians vs. FlyQuest Valorant match?,Guardians; FlyQuest,2026-04-07,https://kalshi.com/markets/KXVALORANTGAME-26APR071900AGFQ-AG,2026-04-21T23:00:00Z
Basketball,NBA,high,nuggets; trail blazers,1,1885470,trail blazers nuggets 1h moneyline nuggets,Nuggets,Nuggets; Trail Blazers,2026-04-07,https://polymarket.com/event/nba-por-den-2026-04-06-1h-moneyline,nba-por-den-2026-04-06-1h-moneyline,https://polymarket.com/event/nba-por-den-2026-04-06-1h-moneyline,"[""Nuggets"", ""Trail Blazers""]","[""106552900544541464867883622707932488376772355512141397613333262693144612025346"", ""18082072252729262742522349874866341578756849119747695255361989965209843950552""]",2026-04-07,2026-04-07,KXNBA1HWINNER-26APR06PORDEN,KXNBA1HWINNER-26APR06PORDEN-DEN,Portland vs Denver: First Half Winner?,Trail Blazers; Nuggets,2026-04-06,https://kalshi.com/markets/KXNBA1HWINNER-26APR06PORDEN-DEN,2026-04-21T01:00:00Z
Basketball,NBA,high,cavaliers; grizzlies,1,1886779,cavaliers grizzlies 1h moneyline cavaliers,Cavaliers,Cavaliers; Grizzlies,2026-04-07,https://polymarket.com/event/nba-cle-mem-2026-04-06-1h-moneyline,nba-cle-mem-2026-04-06-1h-moneyline,https://polymarket.com/event/nba-cle-mem-2026-04-06-1h-moneyline,"[""Cavaliers"", ""Grizzlies""]","[""12042843689669340797042799894979645026601610516468065344896454772153696890298"", ""621222895271709719921785895334561730166746132426909028340367210907237664691""]",2026-04-07,2026-04-07,KXNBA1HWINNER-26APR06CLEMEM,KXNBA1HWINNER-26APR06CLEMEM-CLE,Cleveland vs Memphis: First Half Winner?,Cavaliers; Grizzlies,2026-04-06,https://kalshi.com/markets/KXNBA1HWINNER-26APR06CLEMEM-CLE,2026-04-21T00:00:00Z
Ice Hockey,AHL,high,iowa wild; texas stars,1,1891699,ahl iowa wild texas stars iowa wild,Iowa Wild,Iowa Wild; Texas Stars,2026-04-08,https://polymarket.com/event/ahl-iow-tex-2026-04-08,ahl-iow-tex-2026-04-08,https://polymarket.com/event/ahl-iow-tex-2026-04-08,"[""Iowa Wild"", ""Texas Stars""]","[""33128770880690694717561382819896188553303732860160614397344767962074840275369"", ""15234197739484874265783557772376317217150427414646820795227888910653838312443""]",2026-04-08,2026-04-08,KXAHLGAME-26APR072000IOWTEX,KXAHLGAME-26APR072000IOWTEX-IOW,Iowa Wild vs Texas Stars Winner?,Iowa Wild; Texas Stars,2026-04-07,https://kalshi.com/markets/KXAHLGAME-26APR072000IOWTEX-IOW,2026-04-22T00:00:00Z
Tennis,ATP,high,gadamauri; jasika,6,1862537,wuning buvaysar gadamauri omar jasika buvaysar gadamauri,Buvaysar Gadamauri,Gadamauri; Jasika,2026-04-13,https://polymarket.com/event/atp-gadamau-jasika-2026-04-05,atp-gadamau-jasika-2026-04-05,https://polymarket.com/event/atp-gadamau-jasika-2026-04-05,"[""Buvaysar Gadamauri"", ""Omar Jasika""]","[""65988916362416530739308306275259077702217983207095964785642439553084435387771"", ""110784484050438335224317882014390860234851423098320555779649510861204185472352""]",2026-04-13,2026-04-13,KXATPCHALLENGERMATCH-26APR07GADJAS,KXATPCHALLENGERMATCH-26APR07GADJAS-GAD,Will Buvaysar Gadamauri win the Gadamauri vs Jasika : Round Of 32 match?,Gadamauri; Jasika,2026-04-07,https://kalshi.com/markets/KXATPCHALLENGERMATCH-26APR07GADJAS-GAD,2026-04-21T05:20:00Z
Tennis,ATP,high,hussey; zhou,6,1862578,wuning yi zhou giles hussey giles hussey,Giles Hussey,Zhou; Hussey,2026-04-13,https://polymarket.com/event/atp-zhou-hussey-2026-04-05,atp-zhou-hussey-2026-04-05,https://polymarket.com/event/atp-zhou-hussey-2026-04-05,"[""Giles Hussey"", ""Yi Zhou""]","[""55565483656359688377144749036880721034607565696380957727865669615170526218342"", ""64590395099678385491935441265593444295858971457059756914500525378405939785244""]",2026-04-13,2026-04-13,KXATPCHALLENGERMATCH-26APR07ZHOHUS,KXATPCHALLENGERMATCH-26APR07ZHOHUS-HUS,Will Giles Hussey win the Zhou vs Hussey : Round Of 32 match?,Zhou; Hussey,2026-04-07,https://kalshi.com/markets/KXATPCHALLENGERMATCH-26APR07ZHOHUS-HUS,2026-04-21T05:20:00Z
Tennis,ATP,high,gray; uchiyama,6,1862580,wuning alastair gray yasutaka uchiyama alastair gray,Alastair Gray,Gray; Uchiyama,2026-04-13,https://polymarket.com/event/atp-gray-uchiyam-2026-04-05,atp-gray-uchiyam-2026-04-05,https://polymarket.com/event/atp-gray-uchiyam-2026-04-05,"[""Alastair Gray"", ""Yasutaka Uchiyama""]","[""66697841889014124407898752313768560424039401549949131045397630345264709907759"", ""91048704445568847100984097031730424228069268471392047671146557139978199577272""]",2026-04-13,2026-04-13,KXATPCHALLENGERMATCH-26APR07GRAUCH,KXATPCHALLENGERMATCH-26APR07GRAUCH-GRA,Will Alastair Gray win the Gray vs Uchiyama : Round Of 32 match?,Gray; Uchiyama,2026-04-07,https://kalshi.com/markets/KXATPCHALLENGERMATCH-26APR07GRAUCH-GRA,2026-04-21T05:20:00Z
Tennis,ATP,high,boulais; ellis,7,1862590,wuning blake ellis justin boulais blake ellis,Blake Ellis,Ellis; Boulais,2026-04-13,https://polymarket.com/event/atp-ellis-boulais-2026-04-05,atp-ellis-boulais-2026-04-05,https://polymarket.com/event/atp-ellis-boulais-2026-04-05,"[""Blake Ellis"", ""Justin Boulais""]","[""20291839892216778801985251978732626939902466924836841892728228432578078686689"", ""2337485415375271738409467027085748939491523024587706630479456866799485218945""]",2026-04-13,2026-04-13,KXATPCHALLENGERMATCH-26APR06ELLBOU,KXATPCHALLENGERMATCH-26APR06ELLBOU-ELL,Will Blake Ellis win the Ellis vs Boulais : Round Of 32 match?,Ellis; Boulais,2026-04-06,https://kalshi.com/markets/KXATPCHALLENGERMATCH-26APR06ELLBOU-ELL,2026-04-21T03:00:00Z
Tennis,ATP,high,ambrogi; torres,7,1871353,campinas juan bautista torres luciano emanuel ambrogi luciano emanuel ambrogi,Luciano Emanuel Ambrogi,Torres; Ambrogi,2026-04-13,https://polymarket.com/event/atp-torres-ambrogi-2026-04-06,atp-torres-ambrogi-2026-04-06,https://polymarket.com/event/atp-torres-ambrogi-2026-04-06,"[""Luciano Emanuel Ambrogi"", ""Juan Bautista Torres""]","[""10766115015951024050945731199463515650649479447237626100350755284906406347876"", ""100329835686279098723675451630166300323533828631928535435706264616308689425786""]",2026-04-13,2026-04-13,KXATPCHALLENGERMATCH-26APR06TORAMB,KXATPCHALLENGERMATCH-26APR06TORAMB-AMB,Will Luciano Emanuel Ambrogi win the Torres vs Ambrogi : Round Of 32 match?,Torres; Ambrogi,2026-04-06,https://kalshi.com/markets/KXATPCHALLENGERMATCH-26APR06TORAMB-AMB,2026-04-20T18:00:00Z
Tennis,ATP,high,braga; varillas,7,1871360,campinas victor braga juan pablo varillas juan pablo varillas,Juan Pablo Varillas,Braga; Varillas,2026-04-13,https://polymarket.com/event/atp-braga-varilla-2026-04-06,atp-braga-varilla-2026-04-06,https://polymarket.com/event/atp-braga-varilla-2026-04-06,"[""Juan Pablo Varillas"", ""Victor Braga""]","[""15435394347493315879800486709282610644213146610222325611315561022922863943050"", ""88870510098955866449366158080332460639473778056980594208149774813751398065682""]",2026-04-13,2026-04-13,KXATPCHALLENGERMATCH-26APR06BRAVAR,KXATPCHALLENGERMATCH-26APR06BRAVAR-VAR,Will Juan Pablo Varillas win the Braga vs Varillas : Round Of 32 match?,Braga; Varillas,2026-04-06,https://kalshi.com/markets/KXATPCHALLENGERMATCH-26APR06BRAVAR-VAR,2026-04-20T18:00:00Z
Tennis,ATP,high,lima; serna,7,1871364,campinas juan manuel serna enzo camargo lima enzo camargo lima,Enzo Camargo Lima,Serna; Lima,2026-04-13,https://polymarket.com/event/atp-serna-lima-2026-04-06,atp-serna-lima-2026-04-06,https://polymarket.com/event/atp-serna-lima-2026-04-06,"[""Enzo Camargo Lima"", ""Juan Manuel La Serna""]","[""41992036349987583397309636610447916167898036288356930491561316981593899007308"", ""53458307267022072677644889548815685899405967822513748070364801040947132716912""]",2026-04-13,2026-04-13,KXATPCHALLENGERMATCH-26APR06LACAM,KXATPCHALLENGERMATCH-26APR06LACAM-CAM,Will Enzo Camargo Lima win the La Serna vs Camargo Lima : Round Of 32 match?,Serna; Lima,2026-04-06,https://kalshi.com/markets/KXATPCHALLENGERMATCH-26APR06LACAM-CAM,2026-04-20T21:00:00Z
Tennis,ATP,high,dias; rodriguez,7,1871390,campinas pedro boscardin dias lorenzo joaquin rodriguez lorenzo joaquin rodriguez,Lorenzo Joaquin Rodriguez,Dias; Rodriguez,2026-04-13,https://polymarket.com/event/atp-dias-rodrig-2026-04-06,atp-dias-rodrig-2026-04-06,https://polymarket.com/event/atp-dias-rodrig-2026-04-06,"[""Lorenzo Joaquin Rodriguez"", ""Pedro Boscardin Dias""]","[""37954860738677360789216664353347481996753318098660795144721995534803230467840"", ""28246750232869296546336437841561937616101930426524723249241519721201160143778""]",2026-04-13,2026-04-13,KXATPCHALLENGERMATCH-26APR06BOSROD,KXATPCHALLENGERMATCH-26APR06BOSROD-ROD,Will Lorenzo Joaquin Rodriguez win the Boscardin Dias vs Rodriguez : Round Of 32 match?,Dias; Rodriguez,2026-04-06,https://kalshi.com/markets/KXATPCHALLENGERMATCH-26APR06BOSROD-ROD,2026-04-20T18:00:00Z
Tennis,ATP,high,sakamoto; schiessl,7,1871395,campinas pedro sakamoto joao eduardo schiessl joao eduardo schiessl,Joao Eduardo Schiessl,Sakamoto; Schiessl,2026-04-13,https://polymarket.com/event/atp-sakamo-schiess-2026-04-06,atp-sakamo-schiess-2026-04-06,https://polymarket.com/event/atp-sakamo-schiess-2026-04-06,"[""Joao Eduardo Schiessl"", ""Pedro Sakamoto""]","[""97679864811390107809894450257020990352397774391320109292853186547230835279164"", ""68659058865863528370973250037803304060021654159305671172125402439578071585802""]",2026-04-13,2026-04-13,KXATPCHALLENGERMATCH-26APR06SAKSCH,KXATPCHALLENGERMATCH-26APR06SAKSCH-SCH,Will Joao Eduardo Schiessl win the Sakamoto vs Schiessl : Round Of 32 match?,Sakamoto; Schiessl,2026-04-06,https://kalshi.com/markets/KXATPCHALLENGERMATCH-26APR06SAKSCH-SCH,2026-04-20T19:10:00Z
Tennis,ATP,high,glinka; wolf,7,1871422,sarasota daniil glinka wolf daniil glinka,Daniil Glinka,Glinka; Wolf,2026-04-13,https://polymarket.com/event/atp-glinka-wolf-2026-04-06,atp-glinka-wolf-2026-04-06,https://polymarket.com/event/atp-glinka-wolf-2026-04-06,"[""Daniil Glinka"", ""J.J. Wolf""]","[""7245175705705390320528999386782675039955101942974603131127837767641628227334"", ""7324688570221218375617619398756447054995479382602662312176238582591125880661""]",2026-04-13,2026-04-13,KXATPCHALLENGERMATCH-26APR06GLIWOL,KXATPCHALLENGERMATCH-26APR06GLIWOL-GLI,Will Daniil Glinka win the Glinka vs Wolf : Round Of 32 match?,Glinka; Wolf,2026-04-06,https://kalshi.com/markets/KXATPCHALLENGERMATCH-26APR06GLIWOL-GLI,2026-04-20T17:00:00Z
Tennis,ATP,high,smith; zink,7,1871423,sarasota tyler zink colton smith colton smith,Colton Smith,Zink; Smith,2026-04-13,https://polymarket.com/event/atp-zink-smith-2026-04-06,atp-zink-smith-2026-04-06,https://polymarket.com/event/atp-zink-smith-2026-04-06,"[""Colton Smith"", ""Tyler Zink""]","[""48304283882972607130150935172314594890865031164426678418433121925484342791377"", ""77984655796714244503649160322394771114981259987133523490720290183397004732693""]",2026-04-13,2026-04-13,KXATPCHALLENGERMATCH-26APR06ZINSMI,KXATPCHALLENGERMATCH-26APR06ZINSMI-SMI,Will Colton Smith win the Zink vs Smith : Round Of 32 match?,Zink; Smith,2026-04-06,https://kalshi.com/markets/KXATPCHALLENGERMATCH-26APR06ZINSMI-SMI,2026-04-20T17:00:00Z
Tennis,ATP,high,barton; krueger,7,1871433,sarasota mitchell krueger hynek barton mitchell krueger,Mitchell Krueger,Krueger; Barton,2026-04-13,https://polymarket.com/event/atp-krueger-barton-2026-04-06,atp-krueger-barton-2026-04-06,https://polymarket.com/event/atp-krueger-barton-2026-04-06,"[""Mitchell Krueger"", ""Hynek Barton""]","[""91169238688586463801494207407287432241964412704740928884119761435092427221550"", ""69643820623561397834214407755029051835613118307078153498299702808225423560005""]",2026-04-13,2026-04-13,KXATPCHALLENGERMATCH-26APR06KRUBAR,KXATPCHALLENGERMATCH-26APR06KRUBAR-KRU,Will Mitchell Krueger win the Krueger vs Barton : Round Of 32 match?,Krueger; Barton,2026-04-06,https://kalshi.com/markets/KXATPCHALLENGERMATCH-26APR06KRUBAR-KRU,2026-04-20T18:10:00Z
Tennis,ATP,high,dostanic; purtseladze,7,1871435,sarasota stefan dostanic saba purtseladze saba purtseladze,Saba Purtseladze,Dostanic; Purtseladze,2026-04-13,https://polymarket.com/event/atp-dostani-purtsel-2026-04-06,atp-dostani-purtsel-2026-04-06,https://polymarket.com/event/atp-dostani-purtsel-2026-04-06,"[""Saba Purtseladze"", ""Stefan Dostanic""]","[""74179846538603142541467678064647154115024668652561942412529218264940115681819"", ""15754225402308078477400195870040527887909089473711069539870855522472826781220""]",2026-04-13,2026-04-13,KXATPCHALLENGERMATCH-26APR06DOSPUR,KXATPCHALLENGERMATCH-26APR06DOSPUR-PUR,Will Saba Purtseladze win the Dostanic vs Purtseladze : Round Of 32 match?,Dostanic; Purtseladze,2026-04-06,https://kalshi.com/markets/KXATPCHALLENGERMATCH-26APR06DOSPUR-PUR,2026-04-20T17:00:00Z
Tennis,ATP,high,damm; rybakov,7,1871437,sarasota alex rybakov martin damm alex rybakov,Alex Rybakov,Rybakov; Damm,2026-04-13,https://polymarket.com/event/atp-rybakov-damm-2026-04-06,atp-rybakov-damm-2026-04-06,https://polymarket.com/event/atp-rybakov-damm-2026-04-06,"[""Alex Rybakov"", ""Martin Damm""]","[""78997463275298858147911713819072939556429598310293130071026804285960851052476"", ""17290368773288254374773501063742539484744364329923285432946212482809815034045""]",2026-04-13,2026-04-13,KXATPCHALLENGERMATCH-26APR06RYBDAM,KXATPCHALLENGERMATCH-26APR06RYBDAM-RYB,Will Alex Rybakov win the Rybakov vs Damm Jr : Round Of 32 match?,Rybakov; Damm,2026-04-06,https://kalshi.com/markets/KXATPCHALLENGERMATCH-26APR06RYBDAM-RYB,2026-04-20T22:00:00Z
Tennis,ATP,high,kozlov; perot,7,1875577,mexico city raphael perot stefan kozlov raphael perot,Raphael Perot,Perot; Kozlov,2026-04-13,https://polymarket.com/event/atp-perot-kozlov-2026-04-06,atp-perot-kozlov-2026-04-06,https://polymarket.com/event/atp-perot-kozlov-2026-04-06,"[""Raphael Perot"", ""Stefan Kozlov""]","[""27769917283149655296228032132060050036106033577395858773724003455110270447783"", ""28122615816708668109504878575804878578381591024073037334730244495886399224068""]",2026-04-13,2026-04-13,KXATPCHALLENGERMATCH-26APR06PERKOZ,KXATPCHALLENGERMATCH-26APR06PERKOZ-PER,Will Raphael Perot win the Perot vs Kozlov : Round Of 32 match?,Perot; Kozlov,2026-04-06,https://kalshi.com/markets/KXATPCHALLENGERMATCH-26APR06PERKOZ-PER,2026-04-20T21:00:00Z
Tennis,ATP,high,denolly; huesler,7,1875579,mexico city corentin denolly marc andrea huesler marc andrea huesler,Marc-Andrea Huesler,Denolly; Huesler,2026-04-13,https://polymarket.com/event/atp-denolly-huesler-2026-04-06,atp-denolly-huesler-2026-04-06,https://polymarket.com/event/atp-denolly-huesler-2026-04-06,"[""Marc-Andrea Huesler"", ""Corentin Denolly""]","[""6912840120355643216918195902041533823684297530325282542567777343489763543069"", ""97738738354315738988954735299071976004562548400911608136999513207366049414046""]",2026-04-13,2026-04-13,KXATPCHALLENGERMATCH-26APR06DENHUE,KXATPCHALLENGERMATCH-26APR06DENHUE-HUE,Will Marc-Andrea Huesler win the Denolly vs Huesler : Round Of 32 match?,Denolly; Huesler,2026-04-06,https://kalshi.com/markets/KXATPCHALLENGERMATCH-26APR06DENHUE-HUE,2026-04-20T22:00:00Z
Tennis,ATP,high,clarke; soto,7,1875585,mexico city jay clarke matias soto jay clarke,Jay Clarke,Clarke; Soto,2026-04-13,https://polymarket.com/event/atp-clarke-soto-2026-04-06,atp-clarke-soto-2026-04-06,https://polymarket.com/event/atp-clarke-soto-2026-04-06,"[""Jay Clarke"", ""Matias Soto""]","[""32281331023500718159619587676956949938148661880022170801868037133568359747452"", ""34527554725666842399948047626058848359258980422221163815719174560544335634371""]",2026-04-13,2026-04-13,KXATPCHALLENGERMATCH-26APR06CLASOT,KXATPCHALLENGERMATCH-26APR06CLASOT-CLA,Will Jay Clarke win the Clarke vs Soto : Round Of 32 match?,Clarke; Soto,2026-04-06,https://kalshi.com/markets/KXATPCHALLENGERMATCH-26APR06CLASOT-CLA,2026-04-20T21:00:00Z
Tennis,ATP,high,martin; napolitano,7,1875586,mexico city andres martin stefano napolitano andres martin,Andres Martin,Martin; Napolitano,2026-04-13,https://polymarket.com/event/atp-marti-napolit-2026-04-06,atp-marti-napolit-2026-04-06,https://polymarket.com/event/atp-marti-napolit-2026-04-06,"[""Andres Martin"", ""Stefano Napolitano""]","[""101653937686493455437066592222138729313196340537688748871622245946052282601646"", ""98539869831423485088111882282152316008929341341569082515091152724429341069142""]",2026-04-13,2026-04-13,KXATPCHALLENGERMATCH-26APR06MARNAP,KXATPCHALLENGERMATCH-26APR06MARNAP-MAR,Will Andres Martin win the Martin vs Napolitano : Round Of 32 match?,Martin; Napolitano,2026-04-06,https://kalshi.com/markets/KXATPCHALLENGERMATCH-26APR06MARNAP-MAR,2026-04-20T22:10:00Z
Tennis,ATP,high,alujas; polmans,7,1875587,mexico city marc polmans rodrigo alujas marc polmans,Marc Polmans,Polmans; Alujas,2026-04-13,https://polymarket.com/event/atp-polmans-alujas-2026-04-06,atp-polmans-alujas-2026-04-06,https://polymarket.com/event/atp-polmans-alujas-2026-04-06,"[""Marc Polmans"", ""Rodrigo Alujas""]","[""55911394979251371231434953784379675239610753828796669178645245764414765878770"", ""8550236989662891059454296241618460886823989516428714776949250501026115057967""]",2026-04-13,2026-04-13,KXATPCHALLENGERMATCH-26APR06POLALU,KXATPCHALLENGERMATCH-26APR06POLALU-POL,Will Marc Polmans win the Polmans vs Alujas : Round Of 32 match?,Polmans; Alujas,2026-04-06,https://kalshi.com/markets/KXATPCHALLENGERMATCH-26APR06POLALU-POL,2026-04-20T23:10:00Z
Tennis,ATP,high,atmane; quinn,7,1883399,rolex monte carlo masters terence atmane ethan quinn ethan quinn,Ethan Quinn,Atmane; Quinn,2026-04-14,https://polymarket.com/event/atp-atmane-quinn-2026-04-07,atp-atmane-quinn-2026-04-07,https://polymarket.com/event/atp-atmane-quinn-2026-04-07,"[""Ethan Quinn"", ""Terence Atmane""]","[""17221360619772686410334148258433725975799256083036488007911628873664962957049"", ""25778891051699826244070890419382652880132514225544283375992254688035930036224""]",2026-04-14,2026-04-14,KXATPMATCH-26APR07ATMQUI,KXATPMATCH-26APR07ATMQUI-QUI,Will Ethan Quinn win the Atmane vs Quinn : Round Of 64 match?,Atmane; Quinn,2026-04-07,https://kalshi.com/markets/KXATPMATCH-26APR07ATMQUI-QUI,2026-04-21T09:00:00Z
Tennis,ATP,high,cook; sun,7,1889393,wuning fajing sun ethan cook ethan cook,Ethan Cook,Sun; Cook,2026-04-14,https://polymarket.com/event/atp-su-cook-2026-04-07,atp-su-cook-2026-04-07,https://polymarket.com/event/atp-su-cook-2026-04-07,"[""Ethan Cook"", ""Fajing Sun""]","[""6052085906915351200834038654539468213205923172256216627336289753194109937007"", ""106234552568899300843552947189645362900291197655701889644204915739739593443594""]",2026-04-14,2026-04-14,KXATPCHALLENGERMATCH-26APR07SUNCOO,KXATPCHALLENGERMATCH-26APR07SUNCOO-COO,Will Ethan Cook win the Sun vs Cook : Round Of 32 match?,Sun; Cook,2026-04-07,https://kalshi.com/markets/KXATPCHALLENGERMATCH-26APR07SUNCOO-COO,2026-04-21T04:10:00Z
Tennis,ATP,high,jones; sekulic,7,1889399,wuning maximus jones philip sekulic maximus jones,Maximus Jones,Jones; Sekulic,2026-04-14,https://polymarket.com/event/atp-jon-sekulic-2026-04-06,atp-jon-sekulic-2026-04-06,https://polymarket.com/event/atp-jon-sekulic-2026-04-06,"[""Maximus Jones"", ""Philip Sekulic""]","[""42392262016960648820341754808273362274789039485477390943634193663287538279155"", ""6813374627551269196635823331517474461533225883508579163468710742997648727420""]",2026-04-14,2026-04-14,KXATPCHALLENGERMATCH-26APR07JONSEK,KXATPCHALLENGERMATCH-26APR07JONSEK-JON,Will Maximus Jones win the Jones vs Sekulic : Round Of 32 match?,Jones; Sekulic,2026-04-07,https://kalshi.com/markets/KXATPCHALLENGERMATCH-26APR07JONSEK-JON,2026-04-21T04:10:00Z
Tennis,ATP,high,bublik; monfils,8,1886049,rolex monte carlo masters gael monfils alexander bublik alexander bublik,Alexander Bublik,Monfils; Bublik,2026-04-15,https://polymarket.com/event/atp-monfils-bublik-2026-04-08,atp-monfils-bublik-2026-04-08,https://polymarket.com/event/atp-monfils-bublik-2026-04-08,"[""Alexander Bublik"", ""Gael Monfils""]","[""41816451140503990027196130991476916847392579815702843622261819731692473657245"", ""10379792075255702535363795016440537687525448200822474968241241306990069183421""]",2026-04-15,2026-04-15,KXATPMATCH-26APR07MONBUB,KXATPMATCH-26APR07MONBUB-BUB,Will Alexander Bublik win the Monfils vs Bublik : Round Of 32 match?,Monfils; Bublik,2026-04-07,https://kalshi.com/markets/KXATPMATCH-26APR07MONBUB-BUB,2026-04-21T09:00:00Z
Tennis,ATP,high,humbert; sinner,8,1886057,rolex monte carlo masters ugo humbert jannik sinner jannik sinner,Jannik Sinner,Humbert; Sinner,2026-04-15,https://polymarket.com/event/atp-humbert-sinner-2026-04-08,atp-humbert-sinner-2026-04-08,https://polymarket.com/event/atp-humbert-sinner-2026-04-08,"[""Jannik Sinner"", ""Ugo Humbert""]","[""41276715029998181896308715539603705340498190278540412002439433362697432669944"", ""1551437811152180913167295349796841707369445275032965095725114093477061017253""]",2026-04-15,2026-04-15,KXATPMATCH-26APR07HUMSIN,KXATPMATCH-26APR07HUMSIN-SIN,Will Jannik Sinner win the Humbert vs Sinner : Round Of 32 match?,Humbert; Sinner,2026-04-07,https://kalshi.com/markets/KXATPMATCH-26APR07HUMSIN-SIN,2026-04-21T09:00:00Z
Tennis,ATP,high,cui; holmgren,8,1889402,wuning jie cui august holmgren jie cui,Jie Cui,Cui; Holmgren,2026-04-14,https://polymarket.com/event/atp-cui-holmgre-2026-04-06,atp-cui-holmgre-2026-04-06,https://polymarket.com/event/atp-cui-holmgre-2026-04-06,"[""Jie Cui"", ""August Holmgren""]","[""28113220031529729231793997990113665296699958441404175374061649259542731268458"", ""104170609074021334843306416963834451350264593494074459608191407933146980091271""]",2026-04-14,2026-04-14,KXATPCHALLENGERMATCH-26APR06CUIHOL,KXATPCHALLENGERMATCH-26APR06CUIHOL-CUI,Will Jie Cui win the Cui vs Holmgren : Round Of 32 match?,Cui; Holmgren,2026-04-06,https://kalshi.com/markets/KXATPCHALLENGERMATCH-26APR06CUIHOL-CUI,2026-04-21T03:00:00Z
Tennis,ATP,high,ostapenkov; sun,8,1889406,wuning daniil ostapenkov qian sun daniil ostapenkov,Daniil Ostapenkov,Ostapenkov; Sun,2026-04-14,https://polymarket.com/event/atp-ostapen-qiansun-2026-04-06,atp-ostapen-qiansun-2026-04-06,https://polymarket.com/event/atp-ostapen-qiansun-2026-04-06,"[""Daniil Ostapenkov"", ""Qian Sun""]","[""84148860803294819954966240281702868957666019123317962151432114017021875086017"", ""89490224356951691835024987775679027514797818959222522796390767300790772623888""]",2026-04-14,2026-04-14,KXATPCHALLENGERMATCH-26APR06OSTSUN,KXATPCHALLENGERMATCH-26APR06OSTSUN-OST,Will Daniil Ostapenkov win the Ostapenkov vs Sun : Round Of 32 match?,Ostapenkov; Sun,2026-04-06,https://kalshi.com/markets/KXATPCHALLENGERMATCH-26APR06OSTSUN-OST,2026-04-21T03:00:00Z
Tennis,ATP,high,bergs; rublev,8,1891944,rolex monte carlo masters andrey rublev zizou bergs andrey rublev,Andrey Rublev,Rublev; Bergs,2026-04-15,https://polymarket.com/event/atp-rublev-bergs-2026-04-08,atp-rublev-bergs-2026-04-08,https://polymarket.com/event/atp-rublev-bergs-2026-04-08,"[""Andrey Rublev"", ""Zizou Bergs""]","[""77293651497232939723816257500429131633361594774273970629138703063500457840402"", ""27222405560079230311657122269697513195486128384488150918456812796105282607390""]",2026-04-15,2026-04-15,KXATPMATCH-26APR07RUBBER,KXATPMATCH-26APR07RUBBER-RUB,Will Andrey Rublev win the Rublev vs Bergs : Round Of 32 match?,Rublev; Bergs,2026-04-07,https://kalshi.com/markets/KXATPMATCH-26APR07RUBBER-RUB,2026-04-21T09:00:00Z
Tennis,ATP,high,alcaraz; baez,8,1891947,rolex monte carlo masters carlos alcaraz sebastian baez carlos alcaraz,Carlos Alcaraz,Alcaraz; Baez,2026-04-15,https://polymarket.com/event/atp-alcaraz-baez-2026-04-08,atp-alcaraz-baez-2026-04-08,https://polymarket.com/event/atp-alcaraz-baez-2026-04-08,"[""Carlos Alcaraz"", ""Sebastian Baez""]","[""57138143960025834176133399273534629901207533483040642623210836441417344697078"", ""19679844500978466657303917314517559929735810761786808438723725933700064501477""]",2026-04-15,2026-04-15,KXATPMATCH-26APR07ALCBAE,KXATPMATCH-26APR07ALCBAE-ALC,Will Carlos Alcaraz win the Alcaraz vs Baez : Round Of 32 match?,Alcaraz; Baez,2026-04-07,https://kalshi.com/markets/KXATPMATCH-26APR07ALCBAE-ALC,2026-04-21T09:00:00Z
Tennis,ATP,high,garin; zverev,8,1891957,rolex monte carlo masters cristian garin alexander zverev alexander zverev,Alexander Zverev,Garin; Zverev,2026-04-15,https://polymarket.com/event/atp-garin-zverev-2026-04-08,atp-garin-zverev-2026-04-08,https://polymarket.com/event/atp-garin-zverev-2026-04-08,"[""Alexander Zverev"", ""Cristian Garin""]","[""26002933916108696832201018798780988337271460405569143489578008779129902685784"", ""20610451501454048563096205094933479878973512019564398779087851348858191397374""]",2026-04-15,2026-04-15,KXATPMATCH-26APR07GARZVE,KXATPMATCH-26APR07GARZVE-ZVE,Will Alexander Zverev win the Garin vs Zverev : Round Of 32 match?,Garin; Zverev,2026-04-07,https://kalshi.com/markets/KXATPMATCH-26APR07GARZVE-ZVE,2026-04-21T09:00:00Z
Tennis,ATP,high,lehecka; tabilo,8,1891973,rolex monte carlo masters jiri lehecka alejandro tabilo alejandro tabilo,Alejandro Tabilo,Lehecka; Tabilo,2026-04-15,https://polymarket.com/event/atp-lehecka-tabilo-2026-04-08,atp-lehecka-tabilo-2026-04-08,https://polymarket.com/event/atp-lehecka-tabilo-2026-04-08,"[""Alejandro Tabilo"", ""Jiri Lehecka""]","[""38846265916914086210202334629051654939793363622164135447859780022643432997040"", ""22698318210037710121341634956320801815699192204186562925989238388865998006704""]",2026-04-15,2026-04-15,KXATPMATCH-26APR07LEHTAB,KXATPMATCH-26APR07LEHTAB-TAB,Will Alejandro Tabilo win the Lehecka vs Tabilo : Round Of 32 match?,Lehecka; Tabilo,2026-04-07,https://kalshi.com/markets/KXATPMATCH-26APR07LEHTAB-TAB,2026-04-21T09:00:00Z
Golf,PGA Tour,high,scheffler,1,568629,scottie scheffler 2026 masters tournament,Yes,Scheffler,2026-04-13,https://polymarket.com/event/will-scottie-scheffler-win-the-2026-masters-tournament,will-scottie-scheffler-win-the-2026-masters-tournament,https://polymarket.com/event/will-scottie-scheffler-win-the-2026-masters-tournament,"[""Yes"", ""No""]","[""107914991083456571784595699074570871171796147416537665179743787749934466771632"", ""88125433733254905586251920253226789075421800520982109139203554689175245347549""]",2026-04-13,2026-04-13,KXPGATOUR-MAST26-SSCH,KXPGATOUR-MAST26-SSCH,Will Scottie Scheffler win the Masters Tournament?,Scheffler,2026-04-12,https://kalshi.com/markets/KXPGATOUR-MAST26-SSCH,2026-04-26T23:00:00Z
Golf,PGA Tour,high,mcilroy,1,568630,rory mcilroy 2026 masters tournament,Yes,McIlroy,2026-04-13,https://polymarket.com/event/will-rory-mcilroy-win-the-2026-masters-tournament,will-rory-mcilroy-win-the-2026-masters-tournament,https://polymarket.com/event/will-rory-mcilroy-win-the-2026-masters-tournament,"[""Yes"", ""No""]","[""47650382966763423119144863600890688449355617504160622255560357009005625541749"", ""110721526829271696628816884619360240907697405805387139784530202893346118060669""]",2026-04-13,2026-04-13,KXPGATOUR-MAST26-RMCI,KXPGATOUR-MAST26-RMCI,Will Rory McIlroy win the Masters Tournament?,McIlroy,2026-04-12,https://kalshi.com/markets/KXPGATOUR-MAST26-RMCI,2026-04-26T23:00:00Z
Golf,PGA Tour,high,dechambeau,1,568631,bryson dechambeau 2026 masters tournament,Yes,Dechambeau,2026-04-13,https://polymarket.com/event/will-bryson-dechambeau-win-the-2026-masters-tournament,will-bryson-dechambeau-win-the-2026-masters-tournament,https://polymarket.com/event/will-bryson-dechambeau-win-the-2026-masters-tournament,"[""Yes"", ""No""]","[""110418008203792792268114717933058884388143135270395587506293975692059241151415"", ""66179603014990857411757853029858742112684886279921671054294118974840399911612""]",2026-04-13,2026-04-13,KXPGATOUR-MAST26-BDEC,KXPGATOUR-MAST26-BDEC,Will Bryson DeChambeau win the Masters Tournament?,DeChambeau,2026-04-12,https://kalshi.com/markets/KXPGATOUR-MAST26-BDEC,2026-04-26T23:00:00Z
Golf,PGA Tour,high,rahm,1,568632,jon rahm 2026 masters tournament,Yes,Rahm,2026-04-13,https://polymarket.com/event/will-jon-rahm-win-the-2026-masters-tournament,will-jon-rahm-win-the-2026-masters-tournament,https://polymarket.com/event/will-jon-rahm-win-the-2026-masters-tournament,"[""Yes"", ""No""]","[""14891744631569327882180091417355223283074176862943214903789359145380999929720"", ""81100929577553674096369161538709763228943470380146968558688494703628734004408""]",2026-04-13,2026-04-13,KXPGATOUR-MAST26-JRAH,KXPGATOUR-MAST26-JRAH,Will Jon Rahm win the Masters Tournament?,Rahm,2026-04-12,https://kalshi.com/markets/KXPGATOUR-MAST26-JRAH,2026-04-26T23:00:00Z
Golf,PGA Tour,high,morikawa,1,568633,collin morikawa 2026 masters tournament,Yes,Morikawa,2026-04-13,https://polymarket.com/event/will-collin-morikawa-win-the-2026-masters-tournament,will-collin-morikawa-win-the-2026-masters-tournament,https://polymarket.com/event/will-collin-morikawa-win-the-2026-masters-tournament,"[""Yes"", ""No""]","[""49187585016304728738815159000947971699045065856092262182002837187974309142096"", ""37651729643644342349199715037937097230488391274611907741781120091674367647980""]",2026-04-13,2026-04-13,KXPGATOUR-MAST26-CMOR,KXPGATOUR-MAST26-CMOR,Will Collin Morikawa win the Masters Tournament?,Morikawa,2026-04-12,https://kalshi.com/markets/KXPGATOUR-MAST26-CMOR,2026-04-26T23:00:00Z
Golf,PGA Tour,high,schauffele,1,568634,xander schauffele 2026 masters tournament,Yes,Schauffele,2026-04-13,https://polymarket.com/event/will-xander-schauffele-win-the-2026-masters-tournament,will-xander-schauffele-win-the-2026-masters-tournament,https://polymarket.com/event/will-xander-schauffele-win-the-2026-masters-tournament,"[""Yes"", ""No""]","[""101224125717581883106048111538769728899093696763496070232425429569281195951517"", ""75988954690070817300305375563402048123439046811224606295868810603822977345950""]",2026-04-13,2026-04-13,KXPGATOUR-MAST26-XSCH,KXPGATOUR-MAST26-XSCH,Will Xander Schauffele win the Masters Tournament?,Schauffele,2026-04-12,https://kalshi.com/markets/KXPGATOUR-MAST26-XSCH,2026-04-26T23:00:00Z
Golf,PGA Tour,high,aberg,1,568635,ludvig aberg 2026 masters tournament,Yes,Aberg,2026-04-13,https://polymarket.com/event/will-ludvig-aberg-win-the-2026-masters-tournament,will-ludvig-aberg-win-the-2026-masters-tournament,https://polymarket.com/event/will-ludvig-aberg-win-the-2026-masters-tournament,"[""Yes"", ""No""]","[""74422022614702229946369494272358188120636208151671016990116736001336047137804"", ""114783335352523479613005577607649376128352690233992434052809526354820421589209""]",2026-04-13,2026-04-13,KXPGATOUR-MAST26-LABE,KXPGATOUR-MAST26-LABE,Will Ludvig Aberg win the Masters Tournament?,Aberg,2026-04-12,https://kalshi.com/markets/KXPGATOUR-MAST26-LABE,2026-04-26T23:00:00Z
Golf,PGA Tour,high,thomas,1,568636,justin thomas 2026 masters tournament,Yes,Thomas,2026-04-13,https://polymarket.com/event/will-justin-thomas-win-the-2026-masters-tournament,will-justin-thomas-win-the-2026-masters-tournament,https://polymarket.com/event/will-justin-thomas-win-the-2026-masters-tournament,"[""Yes"", ""No""]","[""65914401213980348939345637678710332119846524069426563402874224506118553408089"", ""59805498163262583832617153155893743215922797508571910465302124106001828935872""]",2026-04-13,2026-04-13,KXPGATOUR-MAST26-JTHO,KXPGATOUR-MAST26-JTHO,Will Justin Thomas win the Masters Tournament?,Thomas,2026-04-12,https://kalshi.com/markets/KXPGATOUR-MAST26-JTHO,2026-04-26T23:00:00Z
Golf,PGA Tour,high,hovland,1,568637,viktor hovland 2026 masters tournament,Yes,Hovland,2026-04-13,https://polymarket.com/event/will-viktor-hovland-win-the-2026-masters-tournament,will-viktor-hovland-win-the-2026-masters-tournament,https://polymarket.com/event/will-viktor-hovland-win-the-2026-masters-tournament,"[""Yes"", ""No""]","[""73497915580341083736399735569139828376270472522079036954500777750803069730356"", ""7355113795750330681938725969100127241851360081150205576300582921072818214837""]",2026-04-13,2026-04-13,KXPGATOUR-MAST26-VHOV,KXPGATOUR-MAST26-VHOV,Will Viktor Hovland win the Masters Tournament?,Hovland,2026-04-12,https://kalshi.com/markets/KXPGATOUR-MAST26-VHOV,2026-04-26T23:00:00Z
Golf,PGA Tour,high,koepka,1,568638,brooks koepka 2026 masters tournament,Yes,Koepka,2026-04-13,https://polymarket.com/event/will-brooks-koepka-win-the-2026-masters-tournament,will-brooks-koepka-win-the-2026-masters-tournament,https://polymarket.com/event/will-brooks-koepka-win-the-2026-masters-tournament,"[""Yes"", ""No""]","[""18834791976594441658325720353198133611705606483322909889513733422329656326781"", ""10919066356703648907040470302981161918411615920291629184667164027987137436710""]",2026-04-13,2026-04-13,KXPGATOUR-MAST26-BKOE,KXPGATOUR-MAST26-BKOE,Will Brooks Koepka win the Masters Tournament?,Koepka,2026-04-12,https://kalshi.com/markets/KXPGATOUR-MAST26-BKOE,2026-04-26T23:00:00Z
Golf,PGA Tour,high,matsuyama,1,568639,hideki matsuyama 2026 masters tournament,Yes,Matsuyama,2026-04-13,https://polymarket.com/event/will-hideki-matsuyama-win-the-2026-masters-tournament,will-hideki-matsuyama-win-the-2026-masters-tournament,https://polymarket.com/event/will-hideki-matsuyama-win-the-2026-masters-tournament,"[""Yes"", ""No""]","[""39519150038826399983584911254196071434168702815579135754841659322076984695853"", ""19103203222380308089083257080581390659729083149293642569147478167348531589121""]",2026-04-13,2026-04-13,KXPGATOUR-MAST26-HMAT,KXPGATOUR-MAST26-HMAT,Will Hideki Matsuyama win the Masters Tournament?,Matsuyama,2026-04-12,https://kalshi.com/markets/KXPGATOUR-MAST26-HMAT,2026-04-26T23:00:00Z
Golf,PGA Tour,high,spieth,1,568640,jordan spieth 2026 masters tournament,Yes,Spieth,2026-04-13,https://polymarket.com/event/will-jordan-spieth-win-the-2026-masters-tournament,will-jordan-spieth-win-the-2026-masters-tournament,https://polymarket.com/event/will-jordan-spieth-win-the-2026-masters-tournament,"[""Yes"", ""No""]","[""39504727941745472464725696979254138178336652541090405166181880699707692381685"", ""34067369697058679987985054983433497417645336265287604445928409053695521452524""]",2026-04-13,2026-04-13,KXPGATOUR-MAST26-JSPI,KXPGATOUR-MAST26-JSPI,Will Jordan Spieth win the Masters Tournament?,Spieth,2026-04-12,https://kalshi.com/markets/KXPGATOUR-MAST26-JSPI,2026-04-26T23:00:00Z
Golf,PGA Tour,high,cantlay,1,568641,patrick cantlay 2026 masters tournament,Yes,Cantlay,2026-04-13,https://polymarket.com/event/will-patrick-cantlay-win-the-2026-masters-tournament,will-patrick-cantlay-win-the-2026-masters-tournament,https://polymarket.com/event/will-patrick-cantlay-win-the-2026-masters-tournament,"[""Yes"", ""No""]","[""33040841992820835294123348248835487201460130913662081993317708609623417439890"", ""90428041483415817963710393122119699141547612173584186079723198377773984026431""]",2026-04-13,2026-04-13,KXPGATOUR-MAST26-PCAN,KXPGATOUR-MAST26-PCAN,Will Patrick Cantlay win the Masters Tournament?,Cantlay,2026-04-12,https://kalshi.com/markets/KXPGATOUR-MAST26-PCAN,2026-04-26T23:00:00Z
Golf,PGA Tour,high,niemann,1,568642,joaquin niemann 2026 masters tournament,Yes,Niemann,2026-04-13,https://polymarket.com/event/will-joaquin-niemann-win-the-2026-masters-tournament,will-joaquin-niemann-win-the-2026-masters-tournament,https://polymarket.com/event/will-joaquin-niemann-win-the-2026-masters-tournament,"[""Yes"", ""No""]","[""83360540896905087600548853429761530969228643655022594733071150690995680679249"", ""24042023869585474249999457702023653392679144881767280047492435446375998534308""]",2026-04-13,2026-04-13,KXPGATOUR-MAST26-JNIE,KXPGATOUR-MAST26-JNIE,Will Joaquin Niemann win the Masters Tournament?,Niemann,2026-04-12,https://kalshi.com/markets/KXPGATOUR-MAST26-JNIE,2026-04-26T23:00:00Z
Golf,PGA Tour,high,hatton,1,568643,tyrrell hatton 2026 masters tournament,Yes,Hatton,2026-04-13,https://polymarket.com/event/will-tyrrell-hatton-win-the-2026-masters-tournament,will-tyrrell-hatton-win-the-2026-masters-tournament,https://polymarket.com/event/will-tyrrell-hatton-win-the-2026-masters-tournament,"[""Yes"", ""No""]","[""38962206024013687500365115438823822291203066237510115443437472762678149754397"", ""36386567500131481639429822432062299059803057470101668723847055287445800618361""]",2026-04-13,2026-04-13,KXPGATOUR-MAST26-THAT,KXPGATOUR-MAST26-THAT,Will Tyrrell Hatton win the Masters Tournament?,Hatton,2026-04-12,https://kalshi.com/markets/KXPGATOUR-MAST26-THAT,2026-04-26T23:00:00Z
Golf,PGA Tour,high,smith,1,568644,cameron smith 2026 masters tournament,Yes,Smith,2026-04-13,https://polymarket.com/event/will-cameron-smith-win-the-2026-masters-tournament,will-cameron-smith-win-the-2026-masters-tournament,https://polymarket.com/event/will-cameron-smith-win-the-2026-masters-tournament,"[""Yes"", ""No""]","[""65990852696035978220047580290431415269090011023898621658574902807831169494697"", ""114700149996633565830527261353693416948825825090633263789610630221424839824728""]",2026-04-13,2026-04-13,KXPGATOUR-MAST26-CSMI,KXPGATOUR-MAST26-CSMI,Will Cameron Smith win the Masters Tournament?,Smith,2026-04-12,https://kalshi.com/markets/KXPGATOUR-MAST26-CSMI,2026-04-26T23:00:00Z
Golf,PGA Tour,high,zalatoris,1,568645,zalatoris 2026 masters tournament,Yes,Zalatoris,2026-04-13,https://polymarket.com/event/will-will-zalatoris-win-the-2026-masters-tournament,will-will-zalatoris-win-the-2026-masters-tournament,https://polymarket.com/event/will-will-zalatoris-win-the-2026-masters-tournament,"[""Yes"", ""No""]","[""77812790549132939690993888941951548180750291519986108611117830406428000933119"", ""49203025198786785193518852910290148357068872410934571431410170328565962083215""]",2026-04-13,2026-04-13,KXPGATOUR-MAST26-WZAL,KXPGATOUR-MAST26-WZAL,Will Will Zalatoris win the Masters Tournament?,Zalatoris,2026-04-12,https://kalshi.com/markets/KXPGATOUR-MAST26-WZAL,2026-04-26T23:00:00Z
Golf,PGA Tour,high,fleetwood,1,568646,tommy fleetwood 2026 masters tournament,Yes,Fleetwood,2026-04-13,https://polymarket.com/event/will-tommy-fleetwood-win-the-2026-masters-tournament,will-tommy-fleetwood-win-the-2026-masters-tournament,https://polymarket.com/event/will-tommy-fleetwood-win-the-2026-masters-tournament,"[""Yes"", ""No""]","[""25605353386857852050433234346644257874798767464904433152264621687544796590919"", ""115483302436050060330657996514889406855033408384320085942058701641233157973227""]",2026-04-13,2026-04-13,KXPGATOUR-MAST26-TFLE,KXPGATOUR-MAST26-TFLE,Will Tommy Fleetwood win the Masters Tournament?,Fleetwood,2026-04-12,https://kalshi.com/markets/KXPGATOUR-MAST26-TFLE,2026-04-26T23:00:00Z
Golf,PGA Tour,high,lowry,1,568647,shane lowry 2026 masters tournament,Yes,Lowry,2026-04-13,https://polymarket.com/event/will-shane-lowry-win-the-2026-masters-tournament,will-shane-lowry-win-the-2026-masters-tournament,https://polymarket.com/event/will-shane-lowry-win-the-2026-masters-tournament,"[""Yes"", ""No""]","[""43674349353781684232142600040007732831217070825178051847523003605970842714623"", ""108470439422807371432220035466231911854027212693183876497715471555715132506376""]",2026-04-13,2026-04-13,KXPGATOUR-MAST26-SLOW,KXPGATOUR-MAST26-SLOW,Will Shane Lowry win the Masters Tournament?,Lowry,2026-04-12,https://kalshi.com/markets/KXPGATOUR-MAST26-SLOW,2026-04-26T23:00:00Z
Golf,PGA Tour,high,reed,1,568648,patrick reed 2026 masters tournament,Yes,Reed,2026-04-13,https://polymarket.com/event/will-patrick-reed-win-the-2026-masters-tournament,will-patrick-reed-win-the-2026-masters-tournament,https://polymarket.com/event/will-patrick-reed-win-the-2026-masters-tournament,"[""Yes"", ""No""]","[""23929001677199884634421584409854821108392581496920266505702032309240799085085"", ""110219663650296830580018989124066471998703546424034073114728140337754596054789""]",2026-04-13,2026-04-13,KXPGATOUR-MAST26-PREE,KXPGATOUR-MAST26-PREE,Will Patrick Reed win the Masters Tournament?,Reed,2026-04-12,https://kalshi.com/markets/KXPGATOUR-MAST26-PREE,2026-04-26T23:00:00Z
Golf,PGA Tour,high,im,1,568649,sungjae 2026 masters tournament,Yes,Im,2026-04-13,https://polymarket.com/event/will-sungjae-im-win-the-2026-masters-tournament,will-sungjae-im-win-the-2026-masters-tournament,https://polymarket.com/event/will-sungjae-im-win-the-2026-masters-tournament,"[""Yes"", ""No""]","[""14783989919752324628296838387089933020205321387521367008845434357222634152941"", ""12524997509039169308157138257546276918591184752465605282349705785465738967336""]",2026-04-13,2026-04-13,KXPGATOUR-MAST26-SJIM,KXPGATOUR-MAST26-SJIM,Will Sungjae Im win the Masters Tournament?,Im,2026-04-12,https://kalshi.com/markets/KXPGATOUR-MAST26-SJIM,2026-04-26T23:00:00Z
Golf,PGA Tour,high,macintyre,1,568650,robert macintyre 2026 masters tournament,Yes,MacIntyre,2026-04-13,https://polymarket.com/event/will-robert-macintyre-win-the-2026-masters-tournament,will-robert-macintyre-win-the-2026-masters-tournament,https://polymarket.com/event/will-robert-macintyre-win-the-2026-masters-tournament,"[""Yes"", ""No""]","[""109291061632742156145697496642413250314918006017881249184482387219415694865202"", ""13285248305686902684934562869084789154578675068406236781304706034226735226295""]",2026-04-13,2026-04-13,KXPGATOUR-MAST26-RMAC,KXPGATOUR-MAST26-RMAC,Will Robert MacIntyre win the Masters Tournament?,MacIntyre,2026-04-12,https://kalshi.com/markets/KXPGATOUR-MAST26-RMAC,2026-04-26T23:00:00Z
Golf,PGA Tour,high,conners,1,568651,corey conners 2026 masters tournament,Yes,Conners,2026-04-13,https://polymarket.com/event/will-corey-conners-win-the-2026-masters-tournament,will-corey-conners-win-the-2026-masters-tournament,https://polymarket.com/event/will-corey-conners-win-the-2026-masters-tournament,"[""Yes"", ""No""]","[""13200465622334367088563134332141684504122759094426765233787629263825417361073"", ""4383002194732339431383015158590236937862394186106880179069022146524386654315""]",2026-04-13,2026-04-13,KXPGATOUR-MAST26-CCOR,KXPGATOUR-MAST26-CCOR,Will Corey Conners win the Masters Tournament?,Conners,2026-04-12,https://kalshi.com/markets/KXPGATOUR-MAST26-CCOR,2026-04-26T23:00:00Z
Golf,PGA Tour,high,rose,1,568652,justin rose 2026 masters tournament,Yes,Rose,2026-04-13,https://polymarket.com/event/will-justin-rose-win-the-2026-masters-tournament,will-justin-rose-win-the-2026-masters-tournament,https://polymarket.com/event/will-justin-rose-win-the-2026-masters-tournament,"[""Yes"", ""No""]","[""21202285189814573471226720134408126754666767714963331163406584149708020395832"", ""19059473655881665827167360703173170369997368150134958921180711487840168880724""]",2026-04-13,2026-04-13,KXPGATOUR-MAST26-JROS,KXPGATOUR-MAST26-JROS,Will Justin Rose win the Masters Tournament?,Rose,2026-04-12,https://kalshi.com/markets/KXPGATOUR-MAST26-JROS,2026-04-26T23:00:00Z
Golf,PGA Tour,high,day,1,568653,jason day 2026 masters tournament,Yes,Day,2026-04-13,https://polymarket.com/event/will-jason-day-win-the-2026-masters-tournament,will-jason-day-win-the-2026-masters-tournament,https://polymarket.com/event/will-jason-day-win-the-2026-masters-tournament,"[""Yes"", ""No""]","[""113210280217310043880787459184891236944994127760829296278556379627281513490867"", ""15591333485991560244258547357374388416772395389431125458692429322879353752662""]",2026-04-13,2026-04-13,KXPGATOUR-MAST26-JDAY,KXPGATOUR-MAST26-JDAY,Will Jason Day win the Masters Tournament?,Day,2026-04-12,https://kalshi.com/markets/KXPGATOUR-MAST26-JDAY,2026-04-26T23:00:00Z
Golf,PGA Tour,high,homa,1,568654,max homa 2026 masters tournament,Yes,Homa,2026-04-13,https://polymarket.com/event/will-max-homa-win-the-2026-masters-tournament,will-max-homa-win-the-2026-masters-tournament,https://polymarket.com/event/will-max-homa-win-the-2026-masters-tournament,"[""Yes"", ""No""]","[""50485141698460524424531442527506087516895508458870363041201923729224224475501"", ""18612513699568604261316952671632001175824633885319951260402944041860419054745""]",2026-04-13,2026-04-13,KXPGATOUR-MAST26-MHOM,KXPGATOUR-MAST26-MHOM,Will Max Homa win the Masters Tournament?,Homa,2026-04-12,https://kalshi.com/markets/KXPGATOUR-MAST26-MHOM,2026-04-26T23:00:00Z
Golf,PGA Tour,high,lee,1,568655,min woo lee 2026 masters tournament,Yes,Lee,2026-04-13,https://polymarket.com/event/will-min-woo-lee-win-the-2026-masters-tournament,will-min-woo-lee-win-the-2026-masters-tournament,https://polymarket.com/event/will-min-woo-lee-win-the-2026-masters-tournament,"[""Yes"", ""No""]","[""84511128452670307519231100198112183711242736506790724003141090298117229686335"", ""88429405833501666728263714736799968509531832887305318791478941032332325643981""]",2026-04-13,2026-04-13,KXPGATOUR-MAST26-MWLE,KXPGATOUR-MAST26-MWLE,Will Min Woo Lee win the Masters Tournament?,Lee,2026-04-12,https://kalshi.com/markets/KXPGATOUR-MAST26-MWLE,2026-04-26T23:00:00Z
Golf,PGA Tour,high,bhatia,1,568656,akshay bhatia 2026 masters tournament,Yes,Bhatia,2026-04-13,https://polymarket.com/event/will-akshay-bhatia-win-the-2026-masters-tournament,will-akshay-bhatia-win-the-2026-masters-tournament,https://polymarket.com/event/will-akshay-bhatia-win-the-2026-masters-tournament,"[""Yes"", ""No""]","[""60603387725486523254864101543525891288497952221379936054585504647827183179998"", ""98964310350730014491493421070326188230406066290880150781467467855382427498045""]",2026-04-13,2026-04-13,KXPGATOUR-MAST26-ABHA,KXPGATOUR-MAST26-ABHA,Will Akshay Bhatia win the Masters Tournament?,Bhatia,2026-04-12,https://kalshi.com/markets/KXPGATOUR-MAST26-ABHA,2026-04-26T23:00:00Z
Golf,PGA Tour,high,henley,1,568657,russell henley 2026 masters tournament,Yes,Henley,2026-04-13,https://polymarket.com/event/will-russell-henley-win-the-2026-masters-tournament,will-russell-henley-win-the-2026-masters-tournament,https://polymarket.com/event/will-russell-henley-win-the-2026-masters-tournament,"[""Yes"", ""No""]","[""114338230075414085662511481353681611066589654416891795589447594348756488038818"", ""22285168018216426039647022555810049794146068662579594359271023892472731776476""]",2026-04-13,2026-04-13,KXPGATOUR-MAST26-RHEN,KXPGATOUR-MAST26-RHEN,Will Russell Henley win the Masters Tournament?,Henley,2026-04-12,https://kalshi.com/markets/KXPGATOUR-MAST26-RHEN,2026-04-26T23:00:00Z
Golf,PGA Tour,high,clark,1,568658,wyndham clark 2026 masters tournament,Yes,Clark,2026-04-13,https://polymarket.com/event/will-wyndham-clark-win-the-2026-masters-tournament,will-wyndham-clark-win-the-2026-masters-tournament,https://polymarket.com/event/will-wyndham-clark-win-the-2026-masters-tournament,"[""Yes"", ""No""]","[""30712230066098682074268334078721079734552784757764553571254732442208317991400"", ""41927635773720025183391981290806988247527723632657936894388223814611863072031""]",2026-04-13,2026-04-13,KXPGATOUR-MAST26-WCLA,KXPGATOUR-MAST26-WCLA,Will Wyndham Clark win the Masters Tournament?,Clark,2026-04-12,https://kalshi.com/markets/KXPGATOUR-MAST26-WCLA,2026-04-26T23:00:00Z
Golf,PGA Tour,high,straka,1,568659,sepp straka 2026 masters tournament,Yes,Straka,2026-04-13,https://polymarket.com/event/will-sepp-straka-win-the-2026-masters-tournament,will-sepp-straka-win-the-2026-masters-tournament,https://polymarket.com/event/will-sepp-straka-win-the-2026-masters-tournament,"[""Yes"", ""No""]","[""12250546814279423486784541746365053795445133715681699785021103825238960514290"", ""47137558334517636337747292363658786813481304491685244786128977252977182410466""]",2026-04-13,2026-04-13,KXPGATOUR-MAST26-SSTR,KXPGATOUR-MAST26-SSTR,Will Sepp Straka win the Masters Tournament?,Straka,2026-04-12,https://kalshi.com/markets/KXPGATOUR-MAST26-SSTR,2026-04-26T23:00:00Z
Golf,PGA Tour,high,finau,1,568660,tony finau 2026 masters tournament,Yes,Finau,2026-04-13,https://polymarket.com/event/will-tony-finau-win-the-2026-masters-tournament,will-tony-finau-win-the-2026-masters-tournament,https://polymarket.com/event/will-tony-finau-win-the-2026-masters-tournament,"[""Yes"", ""No""]","[""5084644917838758166953593686061478405232057617441956638924457857519915794168"", ""79144514108742252712490584341762621599872480033361249463630234099152442806601""]",2026-04-13,2026-04-13,KXPGATOUR-MAST26-TFIN,KXPGATOUR-MAST26-TFIN,Will Tony Finau win the Masters Tournament?,Finau,2026-04-12,https://kalshi.com/markets/KXPGATOUR-MAST26-TFIN,2026-04-26T23:00:00Z
Golf,PGA Tour,high,johnson,1,568661,dustin johnson 2026 masters tournament,Yes,Johnson,2026-04-13,https://polymarket.com/event/will-dustin-johnson-win-the-2026-masters-tournament,will-dustin-johnson-win-the-2026-masters-tournament,https://polymarket.com/event/will-dustin-johnson-win-the-2026-masters-tournament,"[""Yes"", ""No""]","[""106959977360903894048493351545882453581150707726112470545340996678625013437822"", ""104276034948729119023781713310423784669999958769504078670932043340882188400651""]",2026-04-13,2026-04-13,KXPGATOUR-MAST26-DJOH,KXPGATOUR-MAST26-DJOH,Will Dustin Johnson win the Masters Tournament?,Johnson,2026-04-12,https://kalshi.com/markets/KXPGATOUR-MAST26-DJOH,2026-04-26T23:00:00Z
Golf,PGA Tour,high,theegala,1,568662,sahith theegala 2026 masters tournament,Yes,Theegala,2026-04-13,https://polymarket.com/event/will-sahith-theegala-win-the-2026-masters-tournament,will-sahith-theegala-win-the-2026-masters-tournament,https://polymarket.com/event/will-sahith-theegala-win-the-2026-masters-tournament,"[""Yes"", ""No""]","[""77401656422821380278262135285909162148574034355979914183344765602533632962793"", ""115761586840235429590959087122963744673047498143129670067671031881977994505852""]",2026-04-13,2026-04-13,KXPGATOUR-MAST26-STHE,KXPGATOUR-MAST26-STHE,Will Sahith Theegala win the Masters Tournament?,Theegala,2026-04-12,https://kalshi.com/markets/KXPGATOUR-MAST26-STHE,2026-04-26T23:00:00Z
Golf,PGA Tour,high,kim,1,568663,tom kim 2026 masters tournament,Yes,Kim,2026-04-13,https://polymarket.com/event/will-tom-kim-win-the-2026-masters-tournament,will-tom-kim-win-the-2026-masters-tournament,https://polymarket.com/event/will-tom-kim-win-the-2026-masters-tournament,"[""Yes"", ""No""]","[""94271397464139940444762404658702766731986129923165298323146378313509511428612"", ""69624949434295337571403709676602372349435259609618184723270286490716470496235""]",2026-04-13,2026-04-13,KXPGATOUR-MAST26-MKIM,KXPGATOUR-MAST26-MKIM,Will Michael Kim win the Masters Tournament?,Kim,2026-04-12,https://kalshi.com/markets/KXPGATOUR-MAST26-MKIM,2026-04-26T23:00:00Z
Golf,PGA Tour,high,bradley,1,568664,keegan bradley 2026 masters tournament,Yes,Bradley,2026-04-13,https://polymarket.com/event/will-keegan-bradley-win-the-2026-masters-tournament,will-keegan-bradley-win-the-2026-masters-tournament,https://polymarket.com/event/will-keegan-bradley-win-the-2026-masters-tournament,"[""Yes"", ""No""]","[""105603235209708528772708820102183583646210069076346858272401490235176070874704"", ""55153390161060565029298328248100237917828575569430158598332895641270333532180""]",2026-04-13,2026-04-13,KXPGATOUR-MAST26-KBRA,KXPGATOUR-MAST26-KBRA,Will Keegan Bradley win the Masters Tournament?,Bradley,2026-04-12,https://kalshi.com/markets/KXPGATOUR-MAST26-KBRA,2026-04-26T23:00:00Z
Golf,PGA Tour,high,burns,1,568665,sam burns 2026 masters tournament,Yes,Burns,2026-04-13,https://polymarket.com/event/will-sam-burns-win-the-2026-masters-tournament,will-sam-burns-win-the-2026-masters-tournament,https://polymarket.com/event/will-sam-burns-win-the-2026-masters-tournament,"[""Yes"", ""No""]","[""19566539796009053600744730783474226093306502177707990226273422805817368579462"", ""98599907167838862713527172626864148434627042053093606807889918612366376251197""]",2026-04-13,2026-04-13,KXPGATOUR-MAST26-SBUR,KXPGATOUR-MAST26-SBUR,Will Sam Burns win the Masters Tournament?,Burns,2026-04-12,https://kalshi.com/markets/KXPGATOUR-MAST26-SBUR,2026-04-26T23:00:00Z
Golf,PGA Tour,high,fitzpatrick,1,568666,matt fitzpatrick 2026 masters tournament,Yes,Fitzpatrick,2026-04-13,https://polymarket.com/event/will-matt-fitzpatrick-win-the-2026-masters-tournament,will-matt-fitzpatrick-win-the-2026-masters-tournament,https://polymarket.com/event/will-matt-fitzpatrick-win-the-2026-masters-tournament,"[""Yes"", ""No""]","[""89412916687151175560118327444920315375809982155120674654821372692943297972641"", ""2082258940458203191723349814869766921802211891480684649367730413440915000729""]",2026-04-13,2026-04-13,KXPGATOUR-MAST26-MFIT,KXPGATOUR-MAST26-MFIT,Will Matt Fitzpatrick win the Masters Tournament?,Fitzpatrick,2026-04-12,https://kalshi.com/markets/KXPGATOUR-MAST26-MFIT,2026-04-26T23:00:00Z
Golf,PGA Tour,high,young,1,568668,cameron 2026 masters tournament,Yes,Young,2026-04-13,https://polymarket.com/event/will-cameron-young-win-the-2026-masters-tournament,will-cameron-young-win-the-2026-masters-tournament,https://polymarket.com/event/will-cameron-young-win-the-2026-masters-tournament,"[""Yes"", ""No""]","[""64839620643543455663176545644417187741508741750332061546105736635983287442638"", ""115441174756778497442573516192216092472503715286856402978812563445827005215235""]",2026-04-13,2026-04-13,KXPGATOUR-MAST26-CYOU,KXPGATOUR-MAST26-CYOU,Will Cameron Young win the Masters Tournament?,Young,2026-04-12,https://kalshi.com/markets/KXPGATOUR-MAST26-CYOU,2026-04-26T23:00:00Z
Golf,PGA Tour,high,scott,1,568669,adam scott 2026 masters tournament,Yes,Scott,2026-04-13,https://polymarket.com/event/will-adam-scott-win-the-2026-masters-tournament,will-adam-scott-win-the-2026-masters-tournament,https://polymarket.com/event/will-adam-scott-win-the-2026-masters-tournament,"[""Yes"", ""No""]","[""112293648268060831745981889526075753480365208028777202265707298038030821625085"", ""16292998164437715433662093684375597033753256461863698881684021795789375814500""]",2026-04-13,2026-04-13,KXPGATOUR-MAST26-ASCO,KXPGATOUR-MAST26-ASCO,Will Adam Scott win the Masters Tournament?,Scott,2026-04-12,https://kalshi.com/markets/KXPGATOUR-MAST26-ASCO,2026-04-26T23:00:00Z
Golf,PGA Tour,high,garcia,1,568670,sergio garcia 2026 masters tournament,Yes,Garcia,2026-04-13,https://polymarket.com/event/will-sergio-garcia-win-the-2026-masters-tournament,will-sergio-garcia-win-the-2026-masters-tournament,https://polymarket.com/event/will-sergio-garcia-win-the-2026-masters-tournament,"[""Yes"", ""No""]","[""3803359875662437653391409633542201666222464986706865259786813387216307770857"", ""102629657813818585520112376415685053222512092019387060772375831590045461873897""]",2026-04-13,2026-04-13,KXPGATOUR-MAST26-SGAR,KXPGATOUR-MAST26-SGAR,Will Sergio Garcia win the Masters Tournament?,Garcia,2026-04-12,https://kalshi.com/markets/KXPGATOUR-MAST26-SGAR,2026-04-26T23:00:00Z
Golf,PGA Tour,high,rai,1,568671,aaron rai 2026 masters tournament,Yes,Rai,2026-04-13,https://polymarket.com/event/will-aaron-rai-win-the-2026-masters-tournament,will-aaron-rai-win-the-2026-masters-tournament,https://polymarket.com/event/will-aaron-rai-win-the-2026-masters-tournament,"[""Yes"", ""No""]","[""12633760436820122057509472536236019548880617881010186249708540091093770521780"", ""64537785555581030093390675284579525425561213818733698341637619998207410396065""]",2026-04-13,2026-04-13,KXPGATOUR-MAST26-ARAI,KXPGATOUR-MAST26-ARAI,Will Aaron Rai win the Masters Tournament?,Rai,2026-04-12,https://kalshi.com/markets/KXPGATOUR-MAST26-ARAI,2026-04-26T23:00:00Z
Golf,PGA Tour,high,mcnealy,1,568672,maverick mcnealy 2026 masters tournament,Yes,McNealy,2026-04-13,https://polymarket.com/event/will-maverick-mcnealy-win-the-2026-masters-tournament,will-maverick-mcnealy-win-the-2026-masters-tournament,https://polymarket.com/event/will-maverick-mcnealy-win-the-2026-masters-tournament,"[""Yes"", ""No""]","[""28987095371035988541340066248507718911580309230112610935094980192686272318244"", ""56494685321530079874891056874945215001498369583140752785641072309678884754053""]",2026-04-13,2026-04-13,KXPGATOUR-MAST26-MMCN,KXPGATOUR-MAST26-MMCN,Will Maverick McNealy win the Masters Tournament?,McNealy,2026-04-12,https://kalshi.com/markets/KXPGATOUR-MAST26-MMCN,2026-04-26T23:00:00Z
Golf,PGA Tour,high,mickelson,1,568674,phil mickelson 2026 masters tournament,Yes,Mickelson,2026-04-13,https://polymarket.com/event/will-phil-mickelson-win-the-2026-masters-tournament,will-phil-mickelson-win-the-2026-masters-tournament,https://polymarket.com/event/will-phil-mickelson-win-the-2026-masters-tournament,"[""Yes"", ""No""]","[""108311455176683099202905046499402768573101530184810388446810486799250584771402"", ""18163278346910829991910633826841927141192479200147134684441386423987895947215""]",2026-04-13,2026-04-13,KXPGATOUR-MAST26-PMIC,KXPGATOUR-MAST26-PMIC,Will Phil Mickelson win the Masters Tournament?,Mickelson,2026-04-12,https://kalshi.com/markets/KXPGATOUR-MAST26-PMIC,2026-04-26T23:00:00Z
Golf,PGA Tour,high,woods,1,568675,tiger woods 2026 masters tournament,Yes,Woods,2026-04-13,https://polymarket.com/event/will-tiger-woods-win-the-2026-masters-tournament,will-tiger-woods-win-the-2026-masters-tournament,https://polymarket.com/event/will-tiger-woods-win-the-2026-masters-tournament,"[""Yes"", ""No""]","[""98782060245269132022255017782190073226700363893840516759631809543479868679857"", ""102274269137461535869157070040627461365578230580393881791526611113194051355965""]",2026-04-13,2026-04-13,KXPGATOUR-MAST26-TWOO,KXPGATOUR-MAST26-TWOO,Will Tiger Woods win the Masters Tournament?,Woods,2026-04-12,https://kalshi.com/markets/KXPGATOUR-MAST26-TWOO,2026-04-26T23:00:00Z
Golf,PGA Tour,high,hojgaard,1,568676,nicolai hojgaard 2026 masters tournament,Yes,Hojgaard,2026-04-13,https://polymarket.com/event/will-nicolai-hojgaard-win-the-2026-masters-tournament,will-nicolai-hojgaard-win-the-2026-masters-tournament,https://polymarket.com/event/will-nicolai-hojgaard-win-the-2026-masters-tournament,"[""Yes"", ""No""]","[""77854720858008404780235384975774602772889459678559050039653090880811455167490"", ""6750047600091019494401600838038321478103480653245623894178245118170463912391""]",2026-04-13,2026-04-13,KXPGATOUR-MAST26-NHOJ,KXPGATOUR-MAST26-NHOJ,Will Nicolai Hojgaard win the The Masters?,Hojgaard,2026-04-12,https://kalshi.com/markets/KXPGATOUR-MAST26-NHOJ,2026-04-26T23:00:00Z
Golf,PGA Tour,high,harman,1,568680,brian harman 2026 masters tournament,Yes,Harman,2026-04-13,https://polymarket.com/event/will-brian-harman-win-the-2026-masters-tournament,will-brian-harman-win-the-2026-masters-tournament,https://polymarket.com/event/will-brian-harman-win-the-2026-masters-tournament,"[""Yes"", ""No""]","[""71809345234119198225777842479772611820936479270563731736040141030392641885827"", ""24613671844165678972437014918055393684156414074418482137238511061496885452088""]",2026-04-13,2026-04-13,KXPGATOUR-MAST26-BHAR,KXPGATOUR-MAST26-BHAR,Will Brian Harman win the Masters Tournament?,Harman,2026-04-12,https://kalshi.com/markets/KXPGATOUR-MAST26-BHAR,2026-04-26T23:00:00Z
Golf,PGA Tour,high,willett,1,568683,danny willett 2026 masters tournament,Yes,Willett,2026-04-13,https://polymarket.com/event/will-danny-willett-win-the-2026-masters-tournament,will-danny-willett-win-the-2026-masters-tournament,https://polymarket.com/event/will-danny-willett-win-the-2026-masters-tournament,"[""Yes"", ""No""]","[""37636540504392952641495742018625799909851409051135836085793499220974595875978"", ""100638223104748796612738843790299522197465085370042510210943288873114943173473""]",2026-04-13,2026-04-13,KXPGATOUR-MAST26-DWIL,KXPGATOUR-MAST26-DWIL,Will Danny Willett win the Masters Tournament?,Willett,2026-04-12,https://kalshi.com/markets/KXPGATOUR-MAST26-DWIL,2026-04-26T23:00:00Z
Golf,PGA Tour,high,watson,1,568684,bubba watson 2026 masters tournament,Yes,Watson,2026-04-13,https://polymarket.com/event/will-bubba-watson-win-the-2026-masters-tournament,will-bubba-watson-win-the-2026-masters-tournament,https://polymarket.com/event/will-bubba-watson-win-the-2026-masters-tournament,"[""Yes"", ""No""]","[""28706344673543340840485575595506696770285421200157834577368475251469334796978"", ""89878896994946632708254160871084164120958912446321046785365331374614501470799""]",2026-04-13,2026-04-13,KXPGATOUR-MAST26-BWAT,KXPGATOUR-MAST26-BWAT,Will Bubba Watson win the Masters Tournament?,Watson,2026-04-12,https://kalshi.com/markets/KXPGATOUR-MAST26-BWAT,2026-04-26T23:00:00Z
Golf,PGA Tour,high,schwartzel,1,568685,charl schwartzel 2026 masters tournament,Yes,Schwartzel,2026-04-13,https://polymarket.com/event/will-charl-schwartzel-win-the-2026-masters-tournament,will-charl-schwartzel-win-the-2026-masters-tournament,https://polymarket.com/event/will-charl-schwartzel-win-the-2026-masters-tournament,"[""Yes"", ""No""]","[""114433834256520234603606906611634484409025341085225894878418887707063366888909"", ""97486603884638701907147078120258734284412618667021950609483989581295500093074""]",2026-04-13,2026-04-13,KXPGATOUR-MAST26-CSCH,KXPGATOUR-MAST26-CSCH,Will Charl Schwartzel win the Masters Tournament?,Schwartzel,2026-04-12,https://kalshi.com/markets/KXPGATOUR-MAST26-CSCH,2026-04-26T23:00:00Z
Golf,PGA Tour,high,couples,1,568687,fred couples 2026 masters tournament,Yes,Couples,2026-04-13,https://polymarket.com/event/will-fred-couples-win-the-2026-masters-tournament,will-fred-couples-win-the-2026-masters-tournament,https://polymarket.com/event/will-fred-couples-win-the-2026-masters-tournament,"[""Yes"", ""No""]","[""112240843836971565065454257459901577707139130738636511730492517060453533035460"", ""77615336119150547511955748851929078955043880149671579637774828795464512431380""]",2026-04-13,2026-04-13,KXPGATOUR-MAST26-FCOU,KXPGATOUR-MAST26-FCOU,Will Fred Couples win the Masters Tournament?,Couples,2026-04-12,https://kalshi.com/markets/KXPGATOUR-MAST26-FCOU,2026-04-26T23:00:00Z
