pair_id,title_clean,category_tag,similarity_score,poly_market_id,poly_slug,poly_url,kalshi_market_id,kalshi_url,poly_event_url,poly_outcomes_json,poly_token_ids_json,poly_primary_outcome,expiry_poly_utc,expiry_kalshi_utc,resolution_time_utc
1,panthers senators,sports_fees_v2,1.0,1576071,nhl-fla-ott-2026-04-09,https://polymarket.com/event/nhl-fla-ott-2026-04-09,KXNHLGAME-26APR09FLAOTT-FLA,https://kalshi.com/markets/KXNHLGAME-26APR09FLAOTT-FLA,https://polymarket.com/event/nhl-fla-ott-2026-04-09,"[""Panthers"", ""Senators""]","[""92051254134218278128648452794819712756181892225563582260768410137660378089277"", ""99232498359201091816250336864369900831042600103477155519557357283805608148601""]",Panthers,2026-04-09,2026-04-23T23:00:00Z,2026-04-09
2,islanders maple leafs,sports_fees_v2,1.0,1576082,nhl-tor-nyi-2026-04-09,https://polymarket.com/event/nhl-tor-nyi-2026-04-09,KXNHLGAME-26APR09TORNYI-NYI,https://kalshi.com/markets/KXNHLGAME-26APR09TORNYI-NYI,https://polymarket.com/event/nhl-tor-nyi-2026-04-09,"[""Islanders"", ""Maple Leafs""]","[""24708477020502080529182226975397565107450435776753302895215752821621643729536"", ""73937525228728884004780458083667740107161549259623347822421494235852556866766""]",Islanders,2026-04-09,2026-04-23T22:45:00Z,2026-04-09
3,devils penguins,sports_fees_v2,1.0,1576093,nhl-pit-nj-2026-04-09,https://polymarket.com/event/nhl-pit-nj-2026-04-09,KXNHLGAME-26APR09PITNJ-NJ,https://kalshi.com/markets/KXNHLGAME-26APR09PITNJ-NJ,https://polymarket.com/event/nhl-pit-nj-2026-04-09,"[""Devils"", ""Penguins""]","[""39347799420429897761464633228018721052265458880982136758888972160283273830849"", ""9372359922810277767390340801612972188675975186959338151785685530743340548590""]",Devils,2026-04-09,2026-04-23T23:00:00Z,2026-04-09
4,canadiens lightning,sports_fees_v2,1.0,1576098,nhl-tb-mon-2026-04-09,https://polymarket.com/event/nhl-tb-mon-2026-04-09,KXNHLGAME-26APR09TBMTL-MTL,https://kalshi.com/markets/KXNHLGAME-26APR09TBMTL-MTL,https://polymarket.com/event/nhl-tb-mon-2026-04-09,"[""Canadiens"", ""Lightning""]","[""48155890052329329846573688679950425827768153791797577040059148627392328032478"", ""29738267695116464990755332192732330143739943571262569690096926147578184533784""]",Canadiens,2026-04-09,2026-04-23T23:00:00Z,2026-04-09
5,flyers red wings,sports_fees_v2,1.0,1576103,nhl-phi-det-2026-04-09,https://polymarket.com/event/nhl-phi-det-2026-04-09,KXNHLGAME-26APR09PHIDET-PHI,https://kalshi.com/markets/KXNHLGAME-26APR09PHIDET-PHI,https://polymarket.com/event/nhl-phi-det-2026-04-09,"[""Flyers"", ""Red Wings""]","[""59755268972028917954021736372935805558712555153355845573457658468638305830895"", ""74026050067939017951136024271604786274916248300415419750472845107161607407889""]",Flyers,2026-04-09,2026-04-23T23:00:00Z,2026-04-09
6,blue jackets sabres,sports_fees_v2,1.0,1576108,nhl-cbj-buf-2026-04-09,https://polymarket.com/event/nhl-cbj-buf-2026-04-09,KXNHLGAME-26APR09CBJBUF-CBJ,https://kalshi.com/markets/KXNHLGAME-26APR09CBJBUF-CBJ,https://polymarket.com/event/nhl-cbj-buf-2026-04-09,"[""Blue Jackets"", ""Sabres""]","[""65354679634370081601529800305535134806715798058364028360242078365296687351292"", ""19232118537612212441560996122826673343944741222476594296971221608869458105152""]",Blue Jackets,2026-04-09,2026-04-23T23:00:00Z,2026-04-09
7,doosan bears kiwoom heroes,sports_fees_v2,1.0,1844547,kbo-kiw-doo-2026-04-09,https://polymarket.com/event/kbo-kiw-doo-2026-04-09,KXKBOGAME-26APR090530KIWDOO-DOO,https://kalshi.com/markets/KXKBOGAME-26APR090530KIWDOO-DOO,https://polymarket.com/event/kbo-kiw-doo-2026-04-09,"[""Doosan Bears"", ""Kiwoom Heroes""]","[""27542284364283801633666454413823946381433857676456338705759282616993477952681"", ""33695597537458489774687447142916032024004638331380838600383583347776523338470""]",Doosan Bears,2026-04-16,2026-04-12T14:00:00Z,2026-04-16
8,hanwha eagles ssg landers,sports_fees_v2,1.0,1844551,kbo-han-ssg-2026-04-09,https://polymarket.com/event/kbo-han-ssg-2026-04-09,KXKBOGAME-26APR090530HANSSG-HAN,https://kalshi.com/markets/KXKBOGAME-26APR090530HANSSG-HAN,https://polymarket.com/event/kbo-han-ssg-2026-04-09,"[""Hanwha Eagles"", ""SSG Landers""]","[""53132685935246362650425288168769731787047037607420498691584536674843461290186"", ""86792364096019099768846705707676333982019581945654083922766727539571955637415""]",Hanwha Eagles,2026-04-16,2026-04-12T14:00:00Z,2026-04-16
9,kt wiz lotte giants,sports_fees_v2,1.0,1844566,kbo-kt-lot-2026-04-09,https://polymarket.com/event/kbo-kt-lot-2026-04-09,KXKBOGAME-26APR090530KTWLOT-KTW,https://kalshi.com/markets/KXKBOGAME-26APR090530KTWLOT-KTW,https://polymarket.com/event/kbo-kt-lot-2026-04-09,"[""KT Wiz"", ""Lotte Giants""]","[""24888214014909599341874521918542873745563139599502257377878711862794262647317"", ""100101392864487963407716623712873162186783500641236359095394159241747475529493""]",KT Wiz,2026-04-16,2026-04-12T14:00:00Z,2026-04-16
10,lg twins nc dinos,sports_fees_v2,1.0,1844575,kbo-lg-nc-2026-04-09,https://polymarket.com/event/kbo-lg-nc-2026-04-09,KXKBOGAME-26APR090530LGNCD-LG,https://kalshi.com/markets/KXKBOGAME-26APR090530LGNCD-LG,https://polymarket.com/event/kbo-lg-nc-2026-04-09,"[""LG Twins"", ""NC Dinos""]","[""74976443312161872685034435340784481928085151264349676805333732469233089502708"", ""25991594780672865299341461764645237946367635972066834505116597028443309689493""]",LG Twins,2026-04-16,2026-04-12T14:00:00Z,2026-04-16
11,kia tigers samsung lions,sports_fees_v2,1.0,1844590,kbo-sam-kia-2026-04-09,https://polymarket.com/event/kbo-sam-kia-2026-04-09,KXKBOGAME-26APR090530SAMKIA-KIA,https://kalshi.com/markets/KXKBOGAME-26APR090530SAMKIA-KIA,https://polymarket.com/event/kbo-sam-kia-2026-04-09,"[""Kia Tigers"", ""Samsung Lions""]","[""8021252675705540489618421713053401689926993297553107818793890213201590359631"", ""97439509830350502609195656386890720506605068961430239049231407323395177370538""]",Kia Tigers,2026-04-16,2026-04-12T14:00:00Z,2026-04-16
12,dodgers blue jays,sports_fees_v2,1.0,1829062,mlb-lad-tor-2026-04-08,https://polymarket.com/event/mlb-lad-tor-2026-04-08,KXMLBGAME-26APR081507LADTOR-LAD,https://kalshi.com/markets/KXMLBGAME-26APR081507LADTOR-LAD,https://polymarket.com/event/mlb-lad-tor-2026-04-08,"[""Los Angeles Dodgers"", ""Toronto Blue Jays""]","[""10740033012926709938783313673782521781576950064520308379559008722192253299507"", ""27312698338372767590576438430916913890112935519561649858092508302966023718071""]",Los Angeles Dodgers,2026-04-15,2026-04-11T14:00:00Z,2026-04-15
13,rockies astros,sports_fees_v2,1.0,1829064,mlb-hou-col-2026-04-08,https://polymarket.com/event/mlb-hou-col-2026-04-08,KXMLBGAME-26APR081510HOUCOL-COL,https://kalshi.com/markets/KXMLBGAME-26APR081510HOUCOL-COL,https://polymarket.com/event/mlb-hou-col-2026-04-08,"[""Colorado Rockies"", ""Houston Astros""]","[""13045819981597014855758403810426835157044867076059342305050197985191242485554"", ""12254842587363470857001869907989339449930878278357114511971780891158599592223""]",Colorado Rockies,2026-04-15,2026-04-11T14:00:00Z,2026-04-15
14,phillies giants,sports_fees_v2,1.0,1829066,mlb-phi-sf-2026-04-08,https://polymarket.com/event/mlb-phi-sf-2026-04-08,KXMLBGAME-26APR081545PHISF-PHI,https://kalshi.com/markets/KXMLBGAME-26APR081545PHISF-PHI,https://polymarket.com/event/mlb-phi-sf-2026-04-08,"[""Philadelphia Phillies"", ""San Francisco Giants""]","[""54371155311974402527016527742414047390700215821473125687907502141223593994241"", ""17826656592584865436834238645562708412128379611526632108121821593762814144955""]",Philadelphia Phillies,2026-04-15,2026-04-11T14:00:00Z,2026-04-15
15,cardinals nationals,sports_fees_v2,1.0,1829068,mlb-stl-wsh-2026-04-08,https://polymarket.com/event/mlb-stl-wsh-2026-04-08,KXMLBGAME-26APR081605STLWSH-STL,https://kalshi.com/markets/KXMLBGAME-26APR081605STLWSH-STL,https://polymarket.com/event/mlb-stl-wsh-2026-04-08,"[""St. Louis Cardinals"", ""Washington Nationals""]","[""17515607534812999041717110884278275922018698359798713178075654620361621814414"", ""59567543068353553892159045531240182005434212683238535299539218112505134680717""]",St. Louis Cardinals,2026-04-15,2026-04-11T14:00:00Z,2026-04-15
16,braves angels,sports_fees_v2,1.0,1829071,mlb-atl-laa-2026-04-08,https://polymarket.com/event/mlb-atl-laa-2026-04-08,KXMLBGAME-26APR081607ATLLAA-ATL,https://kalshi.com/markets/KXMLBGAME-26APR081607ATLLAA-ATL,https://polymarket.com/event/mlb-atl-laa-2026-04-08,"[""Atlanta Braves"", ""Los Angeles Angels""]","[""75293629014064770328726432885444871056971983873370487040196089123133209273926"", ""114090555141983795527345506774288181542533427944259172403974309060515774468675""]",Atlanta Braves,2026-04-15,2026-04-11T14:00:00Z,2026-04-15
17,reds marlins,sports_fees_v2,1.0,1829073,mlb-cin-mia-2026-04-08,https://polymarket.com/event/mlb-cin-mia-2026-04-08,KXMLBGAME-26APR081840CINMIA-CIN,https://kalshi.com/markets/KXMLBGAME-26APR081840CINMIA-CIN,https://polymarket.com/event/mlb-cin-mia-2026-04-08,"[""Cincinnati Reds"", ""Miami Marlins""]","[""2403260698225660798210860314582701765908836710884735496045246307509277648920"", ""79107461819093791425880068345815634114537814727640228753038121071401121046010""]",Cincinnati Reds,2026-04-15,2026-04-11T14:00:00Z,2026-04-15
18,reds marlins,sports_fees_v2,1.0,1844632,mlb-cin-mia-2026-04-09,https://polymarket.com/event/mlb-cin-mia-2026-04-09,KXMLBGAME-26APR091210CINMIA-CIN,https://kalshi.com/markets/KXMLBGAME-26APR091210CINMIA-CIN,https://polymarket.com/event/mlb-cin-mia-2026-04-09,"[""Cincinnati Reds"", ""Miami Marlins""]","[""20231811853655481545057633462480601574938055495839824387330267229179183297479"", ""101263462382582728685927173513365351357125224626256987459161918581750018137206""]",Cincinnati Reds,2026-04-16,2026-04-12T14:00:00Z,2026-04-16
19,cubs rays,sports_fees_v2,1.0,1829075,mlb-chc-tb-2026-04-08,https://polymarket.com/event/mlb-chc-tb-2026-04-08,KXMLBGAME-26APR081840CHCTB-CHC,https://kalshi.com/markets/KXMLBGAME-26APR081840CHCTB-CHC,https://polymarket.com/event/mlb-chc-tb-2026-04-08,"[""Chicago Cubs"", ""Tampa Bay Rays""]","[""71959119295560957405003494282047995051013148211901718469572324786820226993773"", ""101365194346607207215067055817443786399183615311846035818948380147143227895187""]",Chicago Cubs,2026-04-15,2026-04-11T14:00:00Z,2026-04-15
20,athletics yankees,sports_fees_v2,1.0,1829077,mlb-oak-nyy-2026-04-08,https://polymarket.com/event/mlb-oak-nyy-2026-04-08,KXMLBGAME-26APR081905ATHNYY-ATH,https://kalshi.com/markets/KXMLBGAME-26APR081905ATHNYY-ATH,https://polymarket.com/event/mlb-oak-nyy-2026-04-08,"[""Athletics"", ""New York Yankees""]","[""66020666250153010726059869334591993003150592180799527755725607319944751118103"", ""101734159661148424611658163097433426194375587895364963820133186003145158010056""]",Athletics,2026-04-15,2026-04-11T14:00:00Z,2026-04-15
21,athletics yankees,sports_fees_v2,1.0,1844640,mlb-oak-nyy-2026-04-09,https://polymarket.com/event/mlb-oak-nyy-2026-04-09,KXMLBGAME-26APR091335ATHNYY-ATH,https://kalshi.com/markets/KXMLBGAME-26APR091335ATHNYY-ATH,https://polymarket.com/event/mlb-oak-nyy-2026-04-09,"[""Athletics"", ""New York Yankees""]","[""71759864859740100668209622088034938301407895965841823455822383219881986406118"", ""11288746517240778598268659264990975625159771877520977852387908447518817626077""]",Athletics,2026-04-16,2026-04-12T14:00:00Z,2026-04-16
22,diamondbacks mets,sports_fees_v2,1.0,1829079,mlb-ari-nym-2026-04-08,https://polymarket.com/event/mlb-ari-nym-2026-04-08,KXMLBGAME-26APR081910AZNYM-AZ,https://kalshi.com/markets/KXMLBGAME-26APR081910AZNYM-AZ,https://polymarket.com/event/mlb-ari-nym-2026-04-08,"[""Arizona Diamondbacks"", ""New York Mets""]","[""84313736410489759024004553779819783735564347752116757421023996144998058068244"", ""65071164595146990290875581339904271715704007989053085159726863725012068403553""]",Arizona Diamondbacks,2026-04-15,2026-04-11T14:00:00Z,2026-04-15
23,diamondbacks mets,sports_fees_v2,1.0,1844656,mlb-ari-nym-2026-04-09,https://polymarket.com/event/mlb-ari-nym-2026-04-09,KXMLBGAME-26APR091910AZNYM-AZ,https://kalshi.com/markets/KXMLBGAME-26APR091910AZNYM-AZ,https://polymarket.com/event/mlb-ari-nym-2026-04-09,"[""Arizona Diamondbacks"", ""New York Mets""]","[""96865446836511074755141084742965162260333541096125568519119670608459909407235"", ""101584700976566705915577054434133318776000459916198459401597172930566080209537""]",Arizona Diamondbacks,2026-04-16,2026-04-12T14:00:00Z,2026-04-16
24,tigers twins,sports_fees_v2,1.0,1829082,mlb-det-min-2026-04-08,https://polymarket.com/event/mlb-det-min-2026-04-08,KXMLBGAME-26APR081940DETMIN-DET,https://kalshi.com/markets/KXMLBGAME-26APR081940DETMIN-DET,https://polymarket.com/event/mlb-det-min-2026-04-08,"[""Detroit Tigers"", ""Minnesota Twins""]","[""52774742416775258046069749257693567003840440274153054914257642275411021219153"", ""64988321953274939722599083739199610755160400967677975204450839702204652209346""]",Detroit Tigers,2026-04-15,2026-04-11T14:00:00Z,2026-04-15
25,tigers twins,sports_fees_v2,1.0,1844645,mlb-det-min-2026-04-09,https://polymarket.com/event/mlb-det-min-2026-04-09,KXMLBGAME-26APR091340DETMIN-DET,https://kalshi.com/markets/KXMLBGAME-26APR091340DETMIN-DET,https://polymarket.com/event/mlb-det-min-2026-04-09,"[""Detroit Tigers"", ""Minnesota Twins""]","[""105684741723504950912453789025809250312687578664604464888858117271048958482613"", ""6901197405744318411024371827416794704291062039530470932995510190491470072833""]",Detroit Tigers,2026-04-16,2026-04-12T14:00:00Z,2026-04-16
26,kolkata knight riders lucknow super giants luciano,sports_fees_v2,1.0,1831591,cricipl-kol-luc-2026-04-09,https://polymarket.com/event/cricipl-kol-luc-2026-04-09,KXIPLGAME-26APR09LSGKKR-KKR,https://kalshi.com/markets/KXIPLGAME-26APR09LSGKKR-KKR,https://polymarket.com/event/cricipl-kol-luc-2026-04-09,"[""Kolkata Knight Riders"", ""Lucknow Super Giants""]","[""20994999450418646625607343049053915187661854374961490789349968414006072201453"", ""114069619728365717365213547758236037233539614349096135240391410683869625477794""]",Kolkata Knight Riders,2026-04-16,2026-04-12T14:00:00Z,2026-04-16
27,white sox royals,sports_fees_v2,1.0,1844659,mlb-cws-kc-2026-04-09,https://polymarket.com/event/mlb-cws-kc-2026-04-09,KXMLBGAME-26APR091940CWSKC-CWS,https://kalshi.com/markets/KXMLBGAME-26APR091940CWSKC-CWS,https://polymarket.com/event/mlb-cws-kc-2026-04-09,"[""Chicago White Sox"", ""Kansas City Royals""]","[""76921274349506388473295442356174539284508355393950052200977011245462170430944"", ""64180758420403940125231427650567208001670427815180847795046115766117517921948""]",Chicago White Sox,2026-04-16,2026-04-12T14:00:00Z,2026-04-16
28,heat raptors,sports_fees_v2,1.0,1845072,nba-mia-tor-2026-04-09,https://polymarket.com/event/nba-mia-tor-2026-04-09,KXNBAGAME-26APR09MIATOR-MIA,https://kalshi.com/markets/KXNBAGAME-26APR09MIATOR-MIA,https://polymarket.com/event/nba-mia-tor-2026-04-09,"[""Heat"", ""Raptors""]","[""82506333760611483179732369193455560279149278232502962279546169055720542387779"", ""56684995951168725399816788934032659636752975650671046458864745059862659793150""]",Heat,2026-04-09,2026-04-23T23:00:00Z,2026-04-09
29,bulls wizards,sports_fees_v2,1.0,1845077,nba-chi-was-2026-04-09,https://polymarket.com/event/nba-chi-was-2026-04-09,KXNBAGAME-26APR09CHIWAS-CHI,https://kalshi.com/markets/KXNBAGAME-26APR09CHIWAS-CHI,https://polymarket.com/event/nba-chi-was-2026-04-09,"[""Bulls"", ""Wizards""]","[""40603584547664761921909395349739403904321738822043017992948197051472379015626"", ""78108883873731751444585823432571874375565409313122849324303960320208551479629""]",Bulls,2026-04-09,2026-04-23T23:00:00Z,2026-04-09
30,fenerbahce real madrid,sports_fees_v2,1.0,1845078,euroleague-fenerbah-madrid-2026-04-09,https://polymarket.com/event/euroleague-fenerbah-madrid-2026-04-09,KXEUROLEAGUEGAME-26APR091345RMAFEN-FEN,https://kalshi.com/markets/KXEUROLEAGUEGAME-26APR091345RMAFEN-FEN,https://polymarket.com/event/euroleague-fenerbah-madrid-2026-04-09,"[""Fenerbahce"", ""Real Madrid""]","[""3296792131792464344598522625861221413533683727500514610417579382452648432033"", ""77644279453091689845355526734554017981687544815966903933256799933143764878219""]",Fenerbahce,2026-04-09,2026-04-23T17:45:00Z,2026-04-09
31,nets pacers,sports_fees_v2,1.0,1845079,nba-ind-bkn-2026-04-09,https://polymarket.com/event/nba-ind-bkn-2026-04-09,KXNBAGAME-26APR09INDBKN-BKN,https://kalshi.com/markets/KXNBAGAME-26APR09INDBKN-BKN,https://polymarket.com/event/nba-ind-bkn-2026-04-09,"[""Nets"", ""Pacers""]","[""75533750246992257522013257219499883680506746985989467252686761266233298739199"", ""6460667114431731882055653182420728838553076575777805713340638474901223136490""]",Nets,2026-04-09,2026-04-23T23:30:00Z,2026-04-09
32,celtics knicks,sports_fees_v2,1.0,1845082,nba-bos-nyk-2026-04-09,https://polymarket.com/event/nba-bos-nyk-2026-04-09,KXNBAGAME-26APR09BOSNYK-BOS,https://kalshi.com/markets/KXNBAGAME-26APR09BOSNYK-BOS,https://polymarket.com/event/nba-bos-nyk-2026-04-09,"[""Celtics"", ""Knicks""]","[""25946669941678183837816571264821521722930283358279904323956470333574941837672"", ""114899244034762314725145374616924156991726556731010069112830364242142101348051""]",Celtics,2026-04-09,2026-04-23T23:30:00Z,2026-04-09
33,bnk fearx dn soopers,sports_fees_v2,1.0,1866903,lol-dnsc-foxy-2026-04-09,https://polymarket.com/event/lol-dnsc-foxy-2026-04-09,KXLOLGAME-26APR090100FOXYDNSC-DNSC,https://kalshi.com/markets/KXLOLGAME-26APR090100FOXYDNSC-DNSC,https://polymarket.com/event/lol-dnsc-foxy-2026-04-09,"[""BNK FearX Youth"", ""DN SOOPers Challengers""]","[""100000054846742019641724922581570527176772353193197687499854399449058493266658"", ""99461562326640014226528375293089128827449143060388219901914705465687375757856""]",BNK FearX Youth,2026-04-09,2026-04-23T05:00:00Z,2026-04-09
34,islanders wilkes-barre/scranton penguins penguins,sports_fees_v2,1.0,1891712,ahl-wil-bri-2026-04-09,https://polymarket.com/event/ahl-wil-bri-2026-04-09,KXAHLGAME-26APR091900WILBRI-BRI,https://kalshi.com/markets/KXAHLGAME-26APR091900WILBRI-BRI,https://polymarket.com/event/ahl-wil-bri-2026-04-09,"[""Bridgeport Islanders"", ""Wilkes-Barre/Scranton Penguins""]","[""63830074904162381382667204315808990101410121713087552436942760456828567129372"", ""82275951902590534210469854805785542767169715660337721603890973029470787080877""]",Bridgeport Islanders,2026-04-09,2026-04-23T23:00:00Z,2026-04-09
35,dostanic rybakov,sports_fees_v2,1.0,1901487,atp-dostani-rybakov-2026-04-08,https://polymarket.com/event/atp-dostani-rybakov-2026-04-08,KXATPCHALLENGERMATCH-26APR08DOSRYB-RYB,https://kalshi.com/markets/KXATPCHALLENGERMATCH-26APR08DOSRYB-RYB,https://polymarket.com/event/atp-dostani-rybakov-2026-04-08,"[""Alex Rybakov"", ""Stefan Dostanic""]","[""83061699529426141142924051428100570353538419662456230235706187426854881244894"", ""94136234153876808970649045039398872756294825833028894995510702137834402253368""]",Alex Rybakov,2026-04-15,2026-04-22T22:00:00Z,2026-04-15
36,yuan ribera,sports_fees_v2,1.0,1908687,wta-yuan-ribera-2026-04-08,https://polymarket.com/event/wta-yuan-ribera-2026-04-08,KXWTACHALLENGERMATCH-26APR09YUABAS-BAS,https://kalshi.com/markets/KXWTACHALLENGERMATCH-26APR09YUABAS-BAS,https://polymarket.com/event/wta-yuan-ribera-2026-04-08,"[""Yue Yuan"", ""Marina Bassols Ribera""]","[""55161043065907018307528798084092629856044922098400087595197331361088693283829"", ""50074654471087809804906995981199117317492915273966108742823311729275014170315""]",Yue Yuan,2026-04-15,2026-04-23T09:00:00Z,2026-04-15
37,pigato samson,sports_fees_v2,1.0,1908703,wta-pigato-samson-2026-04-08,https://polymarket.com/event/wta-pigato-samson-2026-04-08,KXWTACHALLENGERMATCH-26APR09PIGSAM-SAM,https://kalshi.com/markets/KXWTACHALLENGERMATCH-26APR09PIGSAM-SAM,https://polymarket.com/event/wta-pigato-samson-2026-04-08,"[""Laura Samson"", ""Lisa Pigato""]","[""95658319409429623570595265391604790202719119750502183297446035326169190367809"", ""108751888486642289515149818346748108682430174277575678660688910052740034043935""]",Laura Samson,2026-04-15,2026-04-23T09:00:00Z,2026-04-15
38,sakamoto meza,sports_fees_v2,1.0,1908799,atp-sakamo-meza-2026-04-08,https://polymarket.com/event/atp-sakamo-meza-2026-04-08,KXATPCHALLENGERMATCH-26APR08SAKGUI-GUI,https://kalshi.com/markets/KXATPCHALLENGERMATCH-26APR08SAKGUI-GUI,https://polymarket.com/event/atp-sakamo-meza-2026-04-08,"[""Pedro Sakamoto"", ""Alvaro Guillen Meza""]","[""1759887648034172721227207621127376822432490272972311302345061287740168272921"", ""83096698459169010745186082755346191442345057320916756643103408116631788967790""]",Pedro Sakamoto,2026-04-15,2026-04-22T18:10:00Z,2026-04-15
39,chidekh gadamauri,sports_fees_v2,1.0,1908803,atp-chidekh-gadamau-2026-04-08,https://polymarket.com/event/atp-chidekh-gadamau-2026-04-08,KXATPCHALLENGERMATCH-26APR09CHIGAD-GAD,https://kalshi.com/markets/KXATPCHALLENGERMATCH-26APR09CHIGAD-GAD,https://polymarket.com/event/atp-chidekh-gadamau-2026-04-08,"[""Buvaysar Gadamauri"", ""Clement Chidekh""]","[""52004185331012115144895832312059334845373268235240413038704539513869058027537"", ""36437270221034753610639830039217176708578807949561753379312389224983500769034""]",Buvaysar Gadamauri,2026-04-16,2026-04-23T04:10:00Z,2026-04-16
40,fomin wendelken,sports_fees_v2,1.0,1908806,atp-fomin-wendelk-2026-04-08,https://polymarket.com/event/atp-fomin-wendelk-2026-04-08,KXATPCHALLENGERMATCH-26APR09FOMWEN-WEN,https://kalshi.com/markets/KXATPCHALLENGERMATCH-26APR09FOMWEN-WEN,https://polymarket.com/event/atp-fomin-wendelk-2026-04-08,"[""Harry Wendelken"", ""Sergey Fomin""]","[""49368307387899756668779758913062005515729927532978796043246022811824074738846"", ""94360762418378071132868584636476473411983113983707309366059023046650450264635""]",Harry Wendelken,2026-04-16,2026-04-23T04:10:00Z,2026-04-16
41,tagger samsonova,sports_fees_v2,1.0,1912526,wta-tagger-samsono-2026-04-09,https://polymarket.com/event/wta-tagger-samsono-2026-04-09,KXWTAMATCH-26APR09TAGSAM-TAG,https://kalshi.com/markets/KXWTAMATCH-26APR09TAGSAM-TAG,https://polymarket.com/event/wta-tagger-samsono-2026-04-09,"[""Lilli Tagger"", ""Liudmila Samsonova""]","[""89928900430683957453093933605697605308241135457650839903744812190690784364585"", ""65626230145602080958407790636056780057121092689751697797040151112382279743837""]",Lilli Tagger,2026-04-16,2026-04-23T10:00:00Z,2026-04-16
42,kalieva osuigwe,sports_fees_v2,1.0,1912533,wta-kalieva-osuigwe-2026-04-09,https://polymarket.com/event/wta-kalieva-osuigwe-2026-04-09,KXWTACHALLENGERMATCH-26APR09KALOSU-KAL,https://kalshi.com/markets/KXWTACHALLENGERMATCH-26APR09KALOSU-KAL,https://polymarket.com/event/wta-kalieva-osuigwe-2026-04-09,"[""Elvina Kalieva"", ""Whitney Osuigwe""]","[""95158412638123207345264015759331271686662426153931901692145738163434506241990"", ""55426407318038280857282663048709565862910451993520762527471498742442407367572""]",Elvina Kalieva,2026-04-16,2026-04-23T09:00:00Z,2026-04-16
43,pliskova alexandrova,sports_fees_v2,1.0,1912545,wta-pliskov-alexand-2026-04-09,https://polymarket.com/event/wta-pliskov-alexand-2026-04-09,KXWTAMATCH-26APR09PLIALE-ALE,https://kalshi.com/markets/KXWTAMATCH-26APR09PLIALE-ALE,https://polymarket.com/event/wta-pliskov-alexand-2026-04-09,"[""Ekaterina Alexandrova"", ""Karolina Pliskova""]","[""35071640074407058444399859193230048789771507936218571540275450522869222544059"", ""51676411472531421880613917897010089977707689491535507982493132762739902822689""]",Ekaterina Alexandrova,2026-04-16,2026-04-23T10:00:00Z,2026-04-16
44,dias dellien,sports_fees_v2,1.0,1912556,atp-dias-dellie-2026-04-08,https://polymarket.com/event/atp-dias-dellie-2026-04-08,KXATPCHALLENGERMATCH-26APR08BOSDEV-DEV,https://kalshi.com/markets/KXATPCHALLENGERMATCH-26APR08BOSDEV-DEV,https://polymarket.com/event/atp-dias-dellie-2026-04-08,"[""Murkel Dellien"", ""Pedro Boscardin Dias""]","[""98915004439394081839887433869084930766152518427880948934035958949823466291169"", ""109256479834901337540370316376963560699899180682172956397673624872881604988371""]",Murkel Dellien,2026-04-15,2026-04-22T21:00:00Z,2026-04-15
45,duckworth kozlov,sports_fees_v2,1.0,1912567,atp-duckwor-kozlov-2026-04-08,https://polymarket.com/event/atp-duckwor-kozlov-2026-04-08,KXATPCHALLENGERMATCH-26APR08DUCKOZ-DUC,https://kalshi.com/markets/KXATPCHALLENGERMATCH-26APR08DUCKOZ-DUC,https://polymarket.com/event/atp-duckwor-kozlov-2026-04-08,"[""James Duckworth"", ""Stefan Kozlov""]","[""79241467740501059216774939793477265834442969027322337301966299539850945522400"", ""20517653558395960625048929080621238266790038422232193673386951561844200899281""]",James Duckworth,2026-04-15,2026-04-22T22:00:00Z,2026-04-15
46,fnatic g2 esports,sports_fees_v2,1.0,1915408,r6siege-g2-fnc-2026-04-08,https://polymarket.com/event/r6siege-g2-fnc-2026-04-08,KXR6GAME-26APR081400FNCG2-FNC,https://kalshi.com/markets/KXR6GAME-26APR081400FNCG2-FNC,https://polymarket.com/event/r6siege-g2-fnc-2026-04-08,"[""Fnatic"", ""G2 Esports""]","[""86437129000967399954263711369265136172244026181452419635101461827008855724787"", ""88454509514650909259068239754808902382777167425030347484622979237675269432742""]",Fnatic,2026-04-09,2026-04-22T18:00:00Z,2026-04-09
47,lehecka bublik,sports_fees_v2,1.0,1919269,atp-lehecka-bublik-2026-04-09,https://polymarket.com/event/atp-lehecka-bublik-2026-04-09,KXATPMATCH-26APR09LEHBUB-BUB,https://kalshi.com/markets/KXATPMATCH-26APR09LEHBUB-BUB,https://polymarket.com/event/atp-lehecka-bublik-2026-04-09,"[""Alexander Bublik"", ""Jiri Lehecka""]","[""77664109793197211047821044731695697480289028919513551316402345217716460692337"", ""85667568752580099193056938137396871845555694021410623986448691516450064319043""]",Alexander Bublik,2026-04-16,2026-04-23T09:00:00Z,2026-04-16
48,kalinina vekic,sports_fees_v2,1.0,1919270,wta-kalinin-vekic-2026-04-09,https://polymarket.com/event/wta-kalinin-vekic-2026-04-09,KXWTAMATCH-26APR09KALVEK-KAL,https://kalshi.com/markets/KXWTAMATCH-26APR09KALVEK-KAL,https://polymarket.com/event/wta-kalinin-vekic-2026-04-09,"[""Anhelina Kalinina"", ""Donna Vekic""]","[""94842633490886901866053185255132788018689309306660687744299250720850554379311"", ""58951341031706224467185501599319966869124743361059427027232166079018600073640""]",Anhelina Kalinina,2026-04-16,2026-04-23T10:00:00Z,2026-04-16
49,bergs zverev,sports_fees_v2,1.0,1919273,atp-bergs-zverev-2026-04-09,https://polymarket.com/event/atp-bergs-zverev-2026-04-09,KXATPMATCH-26APR09BERZVE-ZVE,https://kalshi.com/markets/KXATPMATCH-26APR09BERZVE-ZVE,https://polymarket.com/event/atp-bergs-zverev-2026-04-09,"[""Alexander Zverev"", ""Zizou Bergs""]","[""104622827157390084325194137243648617058030006885752627036097149680955655025115"", ""71016539419299593960743661370734928761593092195071064101089778653523702798997""]",Alexander Zverev,2026-04-16,2026-04-23T09:00:00Z,2026-04-16
50,berrettini fonseca,sports_fees_v2,1.0,1919276,atp-berrett-fonseca-2026-04-09,https://polymarket.com/event/atp-berrett-fonseca-2026-04-09,KXATPMATCH-26APR09BERFON-FON,https://kalshi.com/markets/KXATPMATCH-26APR09BERFON-FON,https://polymarket.com/event/atp-berrett-fonseca-2026-04-09,"[""Joao Fonseca"", ""Matteo Berrettini""]","[""5913294557059950312916244260036138604214697877985546419537633202723775680945"", ""38516106082185494217853487201152302563891464745820183317773697681415805383158""]",Joao Fonseca,2026-04-16,2026-04-23T09:00:00Z,2026-04-16
51,machac sinner,sports_fees_v2,1.0,1919297,atp-machac-sinner-2026-04-09,https://polymarket.com/event/atp-machac-sinner-2026-04-09,KXATPMATCH-26APR09MACSIN-SIN,https://kalshi.com/markets/KXATPMATCH-26APR09MACSIN-SIN,https://polymarket.com/event/atp-machac-sinner-2026-04-09,"[""Jannik Sinner"", ""Tomas Machac""]","[""50582451324592802551594869133874991793075182560841111416227155861979411203510"", ""97151331407132672198326855200170235167994367588619923325665170829027569707947""]",Jannik Sinner,2026-04-16,2026-04-23T10:10:00Z,2026-04-16
52,auger-aliassime ruud,sports_fees_v2,1.0,1919310,atp-augeral-ruud-2026-04-09,https://polymarket.com/event/atp-augeral-ruud-2026-04-09,KXATPMATCH-26APR09AUGRUU-RUU,https://kalshi.com/markets/KXATPMATCH-26APR09AUGRUU-RUU,https://polymarket.com/event/atp-augeral-ruud-2026-04-09,"[""Casper Ruud"", ""Felix Auger-Aliassime""]","[""101729394898991564864741562354522297652070544305179698436316972253029223435916"", ""61341373044078978374488246121991969695548030320501450945191647078788337167723""]",Casper Ruud,2026-04-16,2026-04-23T09:00:00Z,2026-04-16
53,oilers sharks,sports_fees_v2,0.95,1568679,nhl-edm-sj-2026-04-08,https://polymarket.com/event/nhl-edm-sj-2026-04-08,KXNHLGAME-26APR08EDMSJ-EDM,https://kalshi.com/markets/KXNHLGAME-26APR08EDMSJ-EDM,https://polymarket.com/event/nhl-edm-sj-2026-04-08,"[""Oilers"", ""Sharks""]","[""114716556753110336374738974480072985030561673879507964360374817702332273879231"", ""95954076575663496795787986700096906707914239624489503836908310188907102592566""]",Oilers,2026-04-09,2026-04-23T02:00:00Z,2026-04-09
54,blues jets,sports_fees_v2,0.95,1576113,nhl-wpg-stl-2026-04-09,https://polymarket.com/event/nhl-wpg-stl-2026-04-09,KXNHLGAME-26APR09WPGSTL-STL,https://kalshi.com/markets/KXNHLGAME-26APR09WPGSTL-STL,https://polymarket.com/event/nhl-wpg-stl-2026-04-09,"[""Blues"", ""Jets""]","[""82575091764988739617393724035384279113840379962918559890028215096517594337734"", ""54141431940537232558544270921898563431805819407573589528084482567011002281393""]",Blues,2026-04-10,2026-04-24T00:00:00Z,2026-04-10
55,stars wild,sports_fees_v2,0.95,1576118,nhl-min-dal-2026-04-09,https://polymarket.com/event/nhl-min-dal-2026-04-09,KXNHLGAME-26APR09MINDAL-DAL,https://kalshi.com/markets/KXNHLGAME-26APR09MINDAL-DAL,https://polymarket.com/event/nhl-min-dal-2026-04-09,"[""Stars"", ""Wild""]","[""95800901458524599867898978416154580621119658765543267104492864916030652273288"", ""93908304217079648023886308491960159490420869129988374438313182735569991511533""]",Stars,2026-04-10,2026-04-24T01:00:00Z,2026-04-10
56,blackhawks hurricanes,sports_fees_v2,0.95,1576123,nhl-car-chi-2026-04-09,https://polymarket.com/event/nhl-car-chi-2026-04-09,KXNHLGAME-26APR09CARCHI-CHI,https://kalshi.com/markets/KXNHLGAME-26APR09CARCHI-CHI,https://polymarket.com/event/nhl-car-chi-2026-04-09,"[""Blackhawks"", ""Hurricanes""]","[""99914132397194218426260131696016875244063676505302847150231905921706388580723"", ""26486895320999276956765936025409416508147555849666649097484486115617177139935""]",Blackhawks,2026-04-10,2026-04-24T00:30:00Z,2026-04-10
57,avalanche flames,sports_fees_v2,0.95,1576133,nhl-cal-col-2026-04-09,https://polymarket.com/event/nhl-cal-col-2026-04-09,KXNHLGAME-26APR09CGYCOL-COL,https://kalshi.com/markets/KXNHLGAME-26APR09CGYCOL-COL,https://polymarket.com/event/nhl-cal-col-2026-04-09,"[""Avalanche"", ""Flames""]","[""114083166707905231612258582219197675862786258492914806412981676602520193399572"", ""65494455036359873781257004689394678342762242856967026877580929671994633561885""]",Avalanche,2026-04-10,2026-04-24T01:00:00Z,2026-04-10
58,golden knights kraken,sports_fees_v2,0.95,1576138,nhl-las-sea-2026-04-09,https://polymarket.com/event/nhl-las-sea-2026-04-09,KXNHLGAME-26APR09VGKSEA-VGK,https://kalshi.com/markets/KXNHLGAME-26APR09VGKSEA-VGK,https://polymarket.com/event/nhl-las-sea-2026-04-09,"[""Golden Knights"", ""Kraken""]","[""29995412011803511963079488373524211929219641254634030888557268395871852419816"", ""3867926091901682092840530792616715100252300763178400080280791910262644713795""]",Golden Knights,2026-04-10,2026-04-24T02:00:00Z,2026-04-10
59,ducks sharks,sports_fees_v2,0.95,1576143,nhl-sj-ana-2026-04-09,https://polymarket.com/event/nhl-sj-ana-2026-04-09,KXNHLGAME-26APR09SJANA-ANA,https://kalshi.com/markets/KXNHLGAME-26APR09SJANA-ANA,https://polymarket.com/event/nhl-sj-ana-2026-04-09,"[""Ducks"", ""Sharks""]","[""6195767071138868644697375000738544352571690007430535310303040619786117124907"", ""107119325189011265655299254904885556574397353221757701778587111841623416713204""]",Ducks,2026-04-10,2026-04-24T02:00:00Z,2026-04-10
60,canucks kings,sports_fees_v2,0.95,1576148,nhl-van-lak-2026-04-09,https://polymarket.com/event/nhl-van-lak-2026-04-09,KXNHLGAME-26APR09VANLA-VAN,https://kalshi.com/markets/KXNHLGAME-26APR09VANLA-VAN,https://polymarket.com/event/nhl-van-lak-2026-04-09,"[""Canucks"", ""Kings""]","[""63433971196699161752521166293224687020061705833279453992212935001936563723478"", ""13238006603449402449783889227311146482753012752771844568179777152669384729821""]",Canucks,2026-04-10,2026-04-24T02:30:00Z,2026-04-10
61,spurs trail blazers,sports_fees_v2,0.95,1829491,nba-por-sas-2026-04-08,https://polymarket.com/event/nba-por-sas-2026-04-08,KXNBAGAME-26APR08PORSAS-SAS,https://kalshi.com/markets/KXNBAGAME-26APR08PORSAS-SAS,https://polymarket.com/event/nba-por-sas-2026-04-08,"[""Spurs"", ""Trail Blazers""]","[""65857307265337909409838935281770675258090608153093105272486565798110429744325"", ""17442293791569302494771138739322429763385479019571459597461188457454521639201""]",Spurs,2026-04-09,2026-04-23T01:30:00Z,2026-04-09
62,grizzlies nuggets,sports_fees_v2,0.95,1829493,nba-mem-den-2026-04-08,https://polymarket.com/event/nba-mem-den-2026-04-08,KXNBAGAME-26APR08MEMDEN-MEM,https://kalshi.com/markets/KXNBAGAME-26APR08MEMDEN-MEM,https://polymarket.com/event/nba-mem-den-2026-04-08,"[""Grizzlies"", ""Nuggets""]","[""95907061626091542693313210475393050579036583294893817862361618387611561437254"", ""66375521906671118879664234022835556143977196344688745847209232032074522283510""]",Grizzlies,2026-04-09,2026-04-23T01:00:00Z,2026-04-09
63,clippers thunder,sports_fees_v2,0.95,1829494,nba-okc-lac-2026-04-08,https://polymarket.com/event/nba-okc-lac-2026-04-08,KXNBAGAME-26APR08OKCLAC-LAC,https://kalshi.com/markets/KXNBAGAME-26APR08OKCLAC-LAC,https://polymarket.com/event/nba-okc-lac-2026-04-08,"[""Clippers"", ""Thunder""]","[""45966769085320742148494643482368245242288899309236171661387664252284716473709"", ""57671111904343297017035559331206968340219293155722507171442770347401653986711""]",Clippers,2026-04-09,2026-04-23T02:00:00Z,2026-04-09
64,mavericks suns,sports_fees_v2,0.95,1829495,nba-dal-phx-2026-04-08,https://polymarket.com/event/nba-dal-phx-2026-04-08,KXNBAGAME-26APR08DALPHX-DAL,https://kalshi.com/markets/KXNBAGAME-26APR08DALPHX-DAL,https://polymarket.com/event/nba-dal-phx-2026-04-08,"[""Mavericks"", ""Suns""]","[""72170269487357606240819635880172395851717032762892196983031147740368402263632"", ""24329568841442649969439549537809623851722646137666259392375644000212364195785""]",Mavericks,2026-04-09,2026-04-23T02:00:00Z,2026-04-09
65,rockies padres,sports_fees_v2,0.95,1844662,mlb-col-sd-2026-04-09,https://polymarket.com/event/mlb-col-sd-2026-04-09,KXMLBGAME-26APR092140COLSD-COL,https://kalshi.com/markets/KXMLBGAME-26APR092140COLSD-COL,https://polymarket.com/event/mlb-col-sd-2026-04-09,"[""Colorado Rockies"", ""San Diego Padres""]","[""92794253746799737460139341505593291185529532455646996016205709084649609199823"", ""106274300010558684330740090135137119906609258939417170586228238423534623815348""]",Colorado Rockies,2026-04-17,2026-04-12T14:00:00Z,2026-04-17
66,lakers warriors,sports_fees_v2,0.95,1845085,nba-lal-gsw-2026-04-09,https://polymarket.com/event/nba-lal-gsw-2026-04-09,KXNBAGAME-26APR09LALGSW-LAL,https://kalshi.com/markets/KXNBAGAME-26APR09LALGSW-LAL,https://polymarket.com/event/nba-lal-gsw-2026-04-09,"[""Lakers"", ""Warriors""]","[""34286628775251176805881370367491338250001648754005636119077973863541416971569"", ""629141331311597132126203711296817444995587587145758909367475602375498987010""]",Lakers,2026-04-10,2026-04-24T02:00:00Z,2026-04-10
67,iowa wild texas stars rangers,sports_fees_v2,0.95,1891708,ahl-iow-tex-2026-04-09,https://polymarket.com/event/ahl-iow-tex-2026-04-09,KXAHLGAME-26APR082000IOWTEX-IOW,https://kalshi.com/markets/KXAHLGAME-26APR082000IOWTEX-IOW,https://polymarket.com/event/ahl-iow-tex-2026-04-09,"[""Iowa Wild"", ""Texas Stars""]","[""60273674843629961717821819579506019958585963926125048931156223308641226206448"", ""51486158551266953574570907972368947131607135687571907752064979700039447805680""]",Iowa Wild,2026-04-09,2026-04-23T00:00:00Z,2026-04-09
68,zhou pearson,sports_fees_v2,0.95,1908804,atp-zhou-pearson-2026-04-08,https://polymarket.com/event/atp-zhou-pearson-2026-04-08,KXATPCHALLENGERMATCH-26APR08ZHOPEA-PEA,https://kalshi.com/markets/KXATPCHALLENGERMATCH-26APR08ZHOPEA-PEA,https://polymarket.com/event/atp-zhou-pearson-2026-04-08,"[""Kody Pearson"", ""Yi Zhou""]","[""90450523543641601321391892738905756033473591361495189976868120049724975168487"", ""1014655263405368544808526293536748123577364625143672822634310714257889831787""]",Kody Pearson,2026-04-16,2026-04-23T03:00:00Z,2026-04-16
69,mavericks suns,sports_fees_v2,0.95,1915544,nba-dal-phx-2026-04-08-1h-moneyline,https://polymarket.com/event/nba-dal-phx-2026-04-08-1h-moneyline,KXNBA1HWINNER-26APR08DALPHX-DAL,https://kalshi.com/markets/KXNBA1HWINNER-26APR08DALPHX-DAL,https://polymarket.com/event/nba-dal-phx-2026-04-08-1h-moneyline,"[""Mavericks"", ""Suns""]","[""31910806284819990174803170346595885442396765440403783301946777016297034844593"", ""88819032727007333724169877467065739725520120483521147295102193965729689465138""]",Mavericks,2026-04-09,2026-04-23T02:00:00Z,2026-04-09
70,spurs trail blazers,sports_fees_v2,0.95,1916252,nba-por-sas-2026-04-08-1h-moneyline,https://polymarket.com/event/nba-por-sas-2026-04-08-1h-moneyline,KXNBA1HWINNER-26APR08PORSAS-SAS,https://kalshi.com/markets/KXNBA1HWINNER-26APR08PORSAS-SAS,https://polymarket.com/event/nba-por-sas-2026-04-08-1h-moneyline,"[""Spurs"", ""Trail Blazers""]","[""115163273527325816064777205804609091715388829538782908560138751840621913182068"", ""41717150045724414585955424268497989698264442451531952599995013273860556396423""]",Spurs,2026-04-09,2026-04-23T01:30:00Z,2026-04-09
71,grizzlies nuggets,sports_fees_v2,0.95,1916255,nba-mem-den-2026-04-08-1h-moneyline,https://polymarket.com/event/nba-mem-den-2026-04-08-1h-moneyline,KXNBA1HWINNER-26APR08MEMDEN-MEM,https://kalshi.com/markets/KXNBA1HWINNER-26APR08MEMDEN-MEM,https://polymarket.com/event/nba-mem-den-2026-04-08-1h-moneyline,"[""Grizzlies"", ""Nuggets""]","[""23376457165043490589945667128107231444043827211782807703215678245937660424682"", ""1590760785202139117301109829569554239770134798869982234280058695692835821370""]",Grizzlies,2026-04-09,2026-04-23T01:00:00Z,2026-04-09
72,clippers thunder,sports_fees_v2,0.95,1916258,nba-okc-lac-2026-04-08-1h-moneyline,https://polymarket.com/event/nba-okc-lac-2026-04-08-1h-moneyline,KXNBA1HWINNER-26APR08OKCLAC-LAC,https://kalshi.com/markets/KXNBA1HWINNER-26APR08OKCLAC-LAC,https://polymarket.com/event/nba-okc-lac-2026-04-08-1h-moneyline,"[""Clippers"", ""Thunder""]","[""491252873048470080290823452765177612332444614394498524755921881961085700397"", ""83342407278073302755503019849450611500294823556195552102772878350416317799891""]",Clippers,2026-04-09,2026-04-23T02:00:00Z,2026-04-09
73,ostapenko ruse,sports_fees_v2,0.95,1919284,wta-ostapen-ruse-2026-04-10,https://polymarket.com/event/wta-ostapen-ruse-2026-04-10,KXWTAMATCH-26APR09OSTRUS-RUS,https://kalshi.com/markets/KXWTAMATCH-26APR09OSTRUS-RUS,https://polymarket.com/event/wta-ostapen-ruse-2026-04-10,"[""Gabriela Ruse"", ""Jelena Ostapenko""]","[""63715672859541468131152965525041675913281093050518615073265439383214498497540"", ""37060027026934705447616231995876280456665987131016503438526026478803998170996""]",Gabriela Ruse,2026-04-17,2026-04-23T12:00:00Z,2026-04-17
74,aberg,sports_fees_v2,0.0,1899828,will-ludvig-aberg-shoot-the-lowest-round-at-the-2026-masters,https://polymarket.com/event/will-ludvig-aberg-shoot-the-lowest-round-at-the-2026-masters,KXPGATOUR-MAST26-LABE,https://kalshi.com/markets/KXPGATOUR-MAST26-LABE,https://polymarket.com/event/will-ludvig-aberg-shoot-the-lowest-round-at-the-2026-masters,"[""Yes"", ""No""]","[""77803535547686772625864094159603606775751225433711735737198643717306325990695"", ""52498249793332812807952039202586593734629496543529275062389615511953850333347""]",Yes,2026-04-13,2026-04-26T23:00:00Z,2026-04-13
75,gotterup,sports_fees_v2,0.0,1899829,will-chris-gotterup-shoot-the-lowest-round-at-the-2026-masters,https://polymarket.com/event/will-chris-gotterup-shoot-the-lowest-round-at-the-2026-masters,KXPGATOUR-MAST26-CGOT,https://kalshi.com/markets/KXPGATOUR-MAST26-CGOT,https://polymarket.com/event/will-chris-gotterup-shoot-the-lowest-round-at-the-2026-masters,"[""Yes"", ""No""]","[""28571716847064718359872685609407040195885964271810540048029302417969511351749"", ""7932436808470691624963517892312210074364037924767917645507708637627946805750""]",Yes,2026-04-13,2026-04-26T23:00:00Z,2026-04-13
76,bhatia,sports_fees_v2,0.0,1899830,will-akshay-bhatia-shoot-the-lowest-round-at-the-2026-masters,https://polymarket.com/event/will-akshay-bhatia-shoot-the-lowest-round-at-the-2026-masters,KXPGATOUR-MAST26-ABHA,https://kalshi.com/markets/KXPGATOUR-MAST26-ABHA,https://polymarket.com/event/will-akshay-bhatia-shoot-the-lowest-round-at-the-2026-masters,"[""Yes"", ""No""]","[""16420770620518711020875085374474529732082337733423376285277593592169602451447"", ""96624682118121135131585986211395872807370702788693936003900492651811739825479""]",Yes,2026-04-13,2026-04-26T23:00:00Z,2026-04-13
77,bradley,sports_fees_v2,0.0,1899831,will-keegan-bradley-shoot-the-lowest-round-at-the-2026-masters,https://polymarket.com/event/will-keegan-bradley-shoot-the-lowest-round-at-the-2026-masters,KXPGATOUR-MAST26-KBRA,https://kalshi.com/markets/KXPGATOUR-MAST26-KBRA,https://polymarket.com/event/will-keegan-bradley-shoot-the-lowest-round-at-the-2026-masters,"[""Yes"", ""No""]","[""59986102033750868261482493227117465189034850992947030984852275988222915913297"", ""31026843280343141815677718104301805894390107239434910088540734295837070707476""]",Yes,2026-04-13,2026-04-26T23:00:00Z,2026-04-13
78,kim,sports_fees_v2,0.0,1899832,will-si-woo-kim-shoot-the-lowest-round-at-the-2026-masters,https://polymarket.com/event/will-si-woo-kim-shoot-the-lowest-round-at-the-2026-masters,KXPGATOUR-MAST26-MKIM,https://kalshi.com/markets/KXPGATOUR-MAST26-MKIM,https://polymarket.com/event/will-si-woo-kim-shoot-the-lowest-round-at-the-2026-masters,"[""Yes"", ""No""]","[""102628574732599551765696375999804631796256598311365615325667858938974724735"", ""66581705829859827274851859025955041557816318798351209747022771126524162074518""]",Yes,2026-04-13,2026-04-26T23:00:00Z,2026-04-13
79,bridgeman,sports_fees_v2,0.0,1899833,will-jacob-bridgeman-shoot-the-lowest-round-at-the-2026-masters,https://polymarket.com/event/will-jacob-bridgeman-shoot-the-lowest-round-at-the-2026-masters,KXPGATOUR-MAST26-JBRI,https://kalshi.com/markets/KXPGATOUR-MAST26-JBRI,https://polymarket.com/event/will-jacob-bridgeman-shoot-the-lowest-round-at-the-2026-masters,"[""Yes"", ""No""]","[""42807079241055349417161900248672746718709518511363151520951203115738934542595"", ""68753514202667227056370555885586912594626586639317024484600364272130139725188""]",Yes,2026-04-13,2026-04-26T23:00:00Z,2026-04-13
80,burns,sports_fees_v2,0.0,1899834,will-sam-burns-shoot-the-lowest-round-at-the-2026-masters,https://polymarket.com/event/will-sam-burns-shoot-the-lowest-round-at-the-2026-masters,KXPGATOUR-MAST26-SBUR,https://kalshi.com/markets/KXPGATOUR-MAST26-SBUR,https://polymarket.com/event/will-sam-burns-shoot-the-lowest-round-at-the-2026-masters,"[""Yes"", ""No""]","[""46583221618100337694164570387288313176347858148461787741293456596975768331963"", ""97192946922656651960843480868470780037639171276224934102854581599821340103543""]",Yes,2026-04-13,2026-04-26T23:00:00Z,2026-04-13
81,penge,sports_fees_v2,0.0,1899836,will-marco-penge-shoot-the-lowest-round-at-the-2026-masters,https://polymarket.com/event/will-marco-penge-shoot-the-lowest-round-at-the-2026-masters,KXPGATOUR-MAST26-MPEN,https://kalshi.com/markets/KXPGATOUR-MAST26-MPEN,https://polymarket.com/event/will-marco-penge-shoot-the-lowest-round-at-the-2026-masters,"[""Yes"", ""No""]","[""94420645140439344989123571512483669063221591151113126942854592194182838704642"", ""68647723313716189821074624320935919163945311588018334187134505307400219056487""]",Yes,2026-04-13,2026-04-26T23:00:00Z,2026-04-13
82,cantlay,sports_fees_v2,0.0,1899837,will-patrick-cantlay-shoot-the-lowest-round-at-the-2026-masters,https://polymarket.com/event/will-patrick-cantlay-shoot-the-lowest-round-at-the-2026-masters,KXPGATOUR-MAST26-PCAN,https://kalshi.com/markets/KXPGATOUR-MAST26-PCAN,https://polymarket.com/event/will-patrick-cantlay-shoot-the-lowest-round-at-the-2026-masters,"[""Yes"", ""No""]","[""104046486237327733441840375508510601629825327697020902602037024999611134305352"", ""74368845768369786876339888214846685970238902037958449032321351579216908441361""]",Yes,2026-04-13,2026-04-26T23:00:00Z,2026-04-13
83,clark,sports_fees_v2,0.0,1899838,will-wyndham-clark-shoot-the-lowest-round-at-the-2026-masters,https://polymarket.com/event/will-wyndham-clark-shoot-the-lowest-round-at-the-2026-masters,KXPGATOUR-MAST26-WCLA,https://kalshi.com/markets/KXPGATOUR-MAST26-WCLA,https://polymarket.com/event/will-wyndham-clark-shoot-the-lowest-round-at-the-2026-masters,"[""Yes"", ""No""]","[""75129815037089455361806327549259348062009887853623373275950524965571148829152"", ""14216437397570955499422791100720770903739137391705988373105149355359430655520""]",Yes,2026-04-13,2026-04-26T23:00:00Z,2026-04-13
84,conners,sports_fees_v2,0.0,1899839,will-corey-conners-shoot-the-lowest-round-at-the-2026-masters,https://polymarket.com/event/will-corey-conners-shoot-the-lowest-round-at-the-2026-masters,KXPGATOUR-MAST26-CCOR,https://kalshi.com/markets/KXPGATOUR-MAST26-CCOR,https://polymarket.com/event/will-corey-conners-shoot-the-lowest-round-at-the-2026-masters,"[""Yes"", ""No""]","[""78512784347840289712467669979905781716888130368786892476388350812245723141978"", ""20999219059366811994633282843411069240585029714341869781057339188826905765438""]",Yes,2026-04-13,2026-04-26T23:00:00Z,2026-04-13
85,couples,sports_fees_v2,0.0,1899840,will-fred-couples-shoot-the-lowest-round-at-the-2026-masters,https://polymarket.com/event/will-fred-couples-shoot-the-lowest-round-at-the-2026-masters,KXPGATOUR-MAST26-FCOU,https://kalshi.com/markets/KXPGATOUR-MAST26-FCOU,https://polymarket.com/event/will-fred-couples-shoot-the-lowest-round-at-the-2026-masters,"[""Yes"", ""No""]","[""78842634275378290909932109062764381526760364237332477848836142831466295676955"", ""33940593650868182581332556594827792808946166008912678893616713829656464404168""]",Yes,2026-04-13,2026-04-26T23:00:00Z,2026-04-13
86,day,sports_fees_v2,0.0,1899841,will-jason-day-shoot-the-lowest-round-at-the-2026-masters,https://polymarket.com/event/will-jason-day-shoot-the-lowest-round-at-the-2026-masters,KXPGATOUR-MAST26-JDAY,https://kalshi.com/markets/KXPGATOUR-MAST26-JDAY,https://polymarket.com/event/will-jason-day-shoot-the-lowest-round-at-the-2026-masters,"[""Yes"", ""No""]","[""20153853250483790643925205121444343117337597760850422685653937022402451026205"", ""53184314438528034045378529938166605654200650414624464786637464367989424452830""]",Yes,2026-04-13,2026-04-26T23:00:00Z,2026-04-13
87,dechambeau,sports_fees_v2,0.0,1899842,will-bryson-dechambeau-shoot-the-lowest-round-at-the-2026-masters,https://polymarket.com/event/will-bryson-dechambeau-shoot-the-lowest-round-at-the-2026-masters,KXPGATOUR-MAST26-BDEC,https://kalshi.com/markets/KXPGATOUR-MAST26-BDEC,https://polymarket.com/event/will-bryson-dechambeau-shoot-the-lowest-round-at-the-2026-masters,"[""Yes"", ""No""]","[""64174301909585870432409569882974494158761968897203050323993406890851796036545"", ""23585010777607635957796413988705267417449140210978102124217784667723011009949""]",Yes,2026-04-13,2026-04-26T23:00:00Z,2026-04-13
88,im,sports_fees_v2,0.0,1899843,will-sung-jae-im-shoot-the-lowest-round-at-the-2026-masters,https://polymarket.com/event/will-sung-jae-im-shoot-the-lowest-round-at-the-2026-masters,KXPGATOUR-MAST26-SJIM,https://kalshi.com/markets/KXPGATOUR-MAST26-SJIM,https://polymarket.com/event/will-sung-jae-im-shoot-the-lowest-round-at-the-2026-masters,"[""Yes"", ""No""]","[""4905407898003703186921163007800354242900012337015792729629299486747798164423"", ""59496427015392494604776563413477213463460053166774000598991682909022734781536""]",Yes,2026-04-13,2026-04-26T23:00:00Z,2026-04-13
89,english,sports_fees_v2,0.0,1899844,will-harris-english-shoot-the-lowest-round-at-the-2026-masters,https://polymarket.com/event/will-harris-english-shoot-the-lowest-round-at-the-2026-masters,KXPGATOUR-MAST26-HENG,https://kalshi.com/markets/KXPGATOUR-MAST26-HENG,https://polymarket.com/event/will-harris-english-shoot-the-lowest-round-at-the-2026-masters,"[""Yes"", ""No""]","[""94604278505042609672689322762293892063976854763169936899758689558976433044346"", ""28247124786791592994467771457669962075431220742012348327508289106726375636361""]",Yes,2026-04-13,2026-04-26T23:00:00Z,2026-04-13
90,woodland,sports_fees_v2,0.0,1899845,will-gary-woodland-shoot-the-lowest-round-at-the-2026-masters,https://polymarket.com/event/will-gary-woodland-shoot-the-lowest-round-at-the-2026-masters,KXPGATOUR-MAST26-GWOO,https://kalshi.com/markets/KXPGATOUR-MAST26-GWOO,https://polymarket.com/event/will-gary-woodland-shoot-the-lowest-round-at-the-2026-masters,"[""Yes"", ""No""]","[""84759945530115327860606290044480694213943567358844443959707410973113991208490"", ""9616116764976839872017225093998071438708678798754332980258760232386845394432""]",Yes,2026-04-13,2026-04-26T23:00:00Z,2026-04-13
91,fitzpatrick,sports_fees_v2,0.0,1899846,will-matt-fitzpatrick-shoot-the-lowest-round-at-the-2026-masters,https://polymarket.com/event/will-matt-fitzpatrick-shoot-the-lowest-round-at-the-2026-masters,KXPGATOUR-MAST26-MFIT,https://kalshi.com/markets/KXPGATOUR-MAST26-MFIT,https://polymarket.com/event/will-matt-fitzpatrick-shoot-the-lowest-round-at-the-2026-masters,"[""Yes"", ""No""]","[""90528973628998891184663887027284790046957571696902116869132313799040012102412"", ""112779878778623102564777780812424366512397466550762068889513146065816958915513""]",Yes,2026-04-13,2026-04-26T23:00:00Z,2026-04-13
92,fleetwood,sports_fees_v2,0.0,1899847,will-tommy-fleetwood-shoot-the-lowest-round-at-the-2026-masters,https://polymarket.com/event/will-tommy-fleetwood-shoot-the-lowest-round-at-the-2026-masters,KXPGATOUR-MAST26-TFLE,https://kalshi.com/markets/KXPGATOUR-MAST26-TFLE,https://polymarket.com/event/will-tommy-fleetwood-shoot-the-lowest-round-at-the-2026-masters,"[""Yes"", ""No""]","[""52531456045968301795183625634701526055489400523360510961006488204801195297905"", ""7589469225638578576447238390317292534754535993977678251538357534988728917708""]",Yes,2026-04-13,2026-04-26T23:00:00Z,2026-04-13
93,berger,sports_fees_v2,0.0,1899848,will-daniel-berger-shoot-the-lowest-round-at-the-2026-masters,https://polymarket.com/event/will-daniel-berger-shoot-the-lowest-round-at-the-2026-masters,KXPGATOUR-MAST26-DBER,https://kalshi.com/markets/KXPGATOUR-MAST26-DBER,https://polymarket.com/event/will-daniel-berger-shoot-the-lowest-round-at-the-2026-masters,"[""Yes"", ""No""]","[""27429819815651224249419102480523369109231064535994276798191395390203021960988"", ""17254050987602624697004396808219430473932126086288326503284098029015214823828""]",Yes,2026-04-13,2026-04-26T23:00:00Z,2026-04-13
94,garcia,sports_fees_v2,0.0,1899849,will-sergio-garcia-shoot-the-lowest-round-at-the-2026-masters,https://polymarket.com/event/will-sergio-garcia-shoot-the-lowest-round-at-the-2026-masters,KXPGATOUR-MAST26-SGAR,https://kalshi.com/markets/KXPGATOUR-MAST26-SGAR,https://polymarket.com/event/will-sergio-garcia-shoot-the-lowest-round-at-the-2026-masters,"[""Yes"", ""No""]","[""103356636188846424622766996220701013581955569234632772492064206476571860274405"", ""6428197273338558218253373964591521378529071760498984836602456069208247523728""]",Yes,2026-04-13,2026-04-26T23:00:00Z,2026-04-13
95,kitayama,sports_fees_v2,0.0,1899851,will-kurt-kitayama-shoot-the-lowest-round-at-the-2026-masters,https://polymarket.com/event/will-kurt-kitayama-shoot-the-lowest-round-at-the-2026-masters,KXPGATOUR-MAST26-KKIT,https://kalshi.com/markets/KXPGATOUR-MAST26-KKIT,https://polymarket.com/event/will-kurt-kitayama-shoot-the-lowest-round-at-the-2026-masters,"[""Yes"", ""No""]","[""58726236219396353449122937361639888893089803548459464826565814687171439410876"", ""55860166381349424170191755932013757808958122000757245644969439219130933179280""]",Yes,2026-04-13,2026-04-26T23:00:00Z,2026-04-13
96,fox,sports_fees_v2,0.0,1899852,will-ryan-fox-shoot-the-lowest-round-at-the-2026-masters,https://polymarket.com/event/will-ryan-fox-shoot-the-lowest-round-at-the-2026-masters,KXPGATOUR-MAST26-RFOX,https://kalshi.com/markets/KXPGATOUR-MAST26-RFOX,https://polymarket.com/event/will-ryan-fox-shoot-the-lowest-round-at-the-2026-masters,"[""Yes"", ""No""]","[""108123913681551406058065992030816681414984410654611971081962503024130357211024"", ""57067957332399666534051296042388660521073835911650593025944576117630452711688""]",Yes,2026-04-13,2026-04-26T23:00:00Z,2026-04-13
97,jarvis,sports_fees_v2,0.0,1899853,will-casey-jarvis-shoot-the-lowest-round-at-the-2026-masters,https://polymarket.com/event/will-casey-jarvis-shoot-the-lowest-round-at-the-2026-masters,KXPGATOUR-MAST26-CJAR,https://kalshi.com/markets/KXPGATOUR-MAST26-CJAR,https://polymarket.com/event/will-casey-jarvis-shoot-the-lowest-round-at-the-2026-masters,"[""Yes"", ""No""]","[""73189198926092704242941554398817011839523442415303954599087420618219126329872"", ""40831397496898032349197007446007571828427827365764166229821894587739271221957""]",Yes,2026-04-13,2026-04-26T23:00:00Z,2026-04-13
98,greyserman,sports_fees_v2,0.0,1899854,will-max-greyserman-shoot-the-lowest-round-at-the-2026-masters,https://polymarket.com/event/will-max-greyserman-shoot-the-lowest-round-at-the-2026-masters,KXPGATOUR-MAST26-MGRE,https://kalshi.com/markets/KXPGATOUR-MAST26-MGRE,https://polymarket.com/event/will-max-greyserman-shoot-the-lowest-round-at-the-2026-masters,"[""Yes"", ""No""]","[""68927635504119590171472231095868113685177990655481717855925503095187762393653"", ""46467892193691705709225033708594636738904369933300693487155702589449222861445""]",Yes,2026-04-13,2026-04-26T23:00:00Z,2026-04-13
99,harman,sports_fees_v2,0.0,1899855,will-brian-harman-shoot-the-lowest-round-at-the-2026-masters,https://polymarket.com/event/will-brian-harman-shoot-the-lowest-round-at-the-2026-masters,KXPGATOUR-MAST26-BHAR,https://kalshi.com/markets/KXPGATOUR-MAST26-BHAR,https://polymarket.com/event/will-brian-harman-shoot-the-lowest-round-at-the-2026-masters,"[""Yes"", ""No""]","[""109241046476780651844810638488032564395591605201107484456182986454813830073524"", ""35540349776128395558577525325738844150805246857275842821062985980484433651624""]",Yes,2026-04-13,2026-04-26T23:00:00Z,2026-04-13
100,hatton,sports_fees_v2,0.0,1899856,will-tyrrell-hatton-shoot-the-lowest-round-at-the-2026-masters,https://polymarket.com/event/will-tyrrell-hatton-shoot-the-lowest-round-at-the-2026-masters,KXPGATOUR-MAST26-THAT,https://kalshi.com/markets/KXPGATOUR-MAST26-THAT,https://polymarket.com/event/will-tyrrell-hatton-shoot-the-lowest-round-at-the-2026-masters,"[""Yes"", ""No""]","[""94790593734007385312275762629719549332038525958159687080272100489303703965132"", ""60764388053331270172912577178976479524244555422335394450126340233977350206821""]",Yes,2026-04-13,2026-04-26T23:00:00Z,2026-04-13
101,henley,sports_fees_v2,0.0,1899857,will-russell-henley-shoot-the-lowest-round-at-the-2026-masters,https://polymarket.com/event/will-russell-henley-shoot-the-lowest-round-at-the-2026-masters,KXPGATOUR-MAST26-RHEN,https://kalshi.com/markets/KXPGATOUR-MAST26-RHEN,https://polymarket.com/event/will-russell-henley-shoot-the-lowest-round-at-the-2026-masters,"[""Yes"", ""No""]","[""11888438592052065683639841187505658253040480453522692535092935241555923787380"", ""76140351364300209481348740134433757937517044473430600558468380120371011641253""]",Yes,2026-04-13,2026-04-26T23:00:00Z,2026-04-13
102,taylor,sports_fees_v2,0.0,1899858,will-nick-taylor-shoot-the-lowest-round-at-the-2026-masters,https://polymarket.com/event/will-nick-taylor-shoot-the-lowest-round-at-the-2026-masters,KXPGATOUR-MAST26-NTAY,https://kalshi.com/markets/KXPGATOUR-MAST26-NTAY,https://polymarket.com/event/will-nick-taylor-shoot-the-lowest-round-at-the-2026-masters,"[""Yes"", ""No""]","[""100827399996688418659456875540261677112839093716328780369379273983554947091069"", ""62977406491714766471438762979615882495494026104481903241933256002144743928205""]",Yes,2026-04-13,2026-04-26T23:00:00Z,2026-04-13
103,hojgaard,sports_fees_v2,0.0,1899859,will-nicolai-hojgaard-shoot-the-lowest-round-at-the-2026-masters,https://polymarket.com/event/will-nicolai-hojgaard-shoot-the-lowest-round-at-the-2026-masters,KXPGATOUR-MAST26-NHOJ,https://kalshi.com/markets/KXPGATOUR-MAST26-NHOJ,https://polymarket.com/event/will-nicolai-hojgaard-shoot-the-lowest-round-at-the-2026-masters,"[""Yes"", ""No""]","[""50447124753881706500870355964809866245261084712707675809364120073155548060564"", ""36750095280131018828215391858659141161141715513768999573722343542104795514490""]",Yes,2026-04-13,2026-04-26T23:00:00Z,2026-04-13
104,potgieter,sports_fees_v2,0.0,1899861,will-aldrich-potgieter-shoot-the-lowest-round-at-the-2026-masters,https://polymarket.com/event/will-aldrich-potgieter-shoot-the-lowest-round-at-the-2026-masters,KXPGATOUR-MAST26-APOT,https://kalshi.com/markets/KXPGATOUR-MAST26-APOT,https://polymarket.com/event/will-aldrich-potgieter-shoot-the-lowest-round-at-the-2026-masters,"[""Yes"", ""No""]","[""22089176205396742990799455682035592865756292924392346501182484250699860051019"", ""96572682423893239601653283383567720852749572499792843759198377807296277920970""]",Yes,2026-04-13,2026-04-26T23:00:00Z,2026-04-13
105,homa,sports_fees_v2,0.0,1899862,will-max-homa-shoot-the-lowest-round-at-the-2026-masters,https://polymarket.com/event/will-max-homa-shoot-the-lowest-round-at-the-2026-masters,KXPGATOUR-MAST26-MHOM,https://kalshi.com/markets/KXPGATOUR-MAST26-MHOM,https://polymarket.com/event/will-max-homa-shoot-the-lowest-round-at-the-2026-masters,"[""Yes"", ""No""]","[""60136497476055988103360626764552991688355199507095149294090416932244073540565"", ""109978924927344425837313995946973106006025289204416278431062145316255617594978""]",Yes,2026-04-13,2026-04-26T23:00:00Z,2026-04-13
106,hovland,sports_fees_v2,0.0,1899863,will-viktor-hovland-shoot-the-lowest-round-at-the-2026-masters,https://polymarket.com/event/will-viktor-hovland-shoot-the-lowest-round-at-the-2026-masters,KXPGATOUR-MAST26-VHOV,https://kalshi.com/markets/KXPGATOUR-MAST26-VHOV,https://polymarket.com/event/will-viktor-hovland-shoot-the-lowest-round-at-the-2026-masters,"[""Yes"", ""No""]","[""27162094223102854949580644770280762037521727110971264843690744741959604125757"", ""80827256155381220532736634184329497996961195470191222935941365748002151924473""]",Yes,2026-04-13,2026-04-26T23:00:00Z,2026-04-13
107,echavarria,sports_fees_v2,0.0,1899864,will-nicolas-echavarria-shoot-the-lowest-round-at-the-2026-masters,https://polymarket.com/event/will-nicolas-echavarria-shoot-the-lowest-round-at-the-2026-masters,KXPGATOUR-MAST26-NECH,https://kalshi.com/markets/KXPGATOUR-MAST26-NECH,https://polymarket.com/event/will-nicolas-echavarria-shoot-the-lowest-round-at-the-2026-masters,"[""Yes"", ""No""]","[""11830681373789245635594727031220471026542834097908678122087100773444971620985"", ""16124902183706329562758609454104368021611838650114123135215309594017521892643""]",Yes,2026-04-13,2026-04-26T23:00:00Z,2026-04-13
108,mccarty,sports_fees_v2,0.0,1899865,will-matt-mccarty-shoot-the-lowest-round-at-the-2026-masters,https://polymarket.com/event/will-matt-mccarty-shoot-the-lowest-round-at-the-2026-masters,KXPGATOUR-MAST26-MMCC,https://kalshi.com/markets/KXPGATOUR-MAST26-MMCC,https://polymarket.com/event/will-matt-mccarty-shoot-the-lowest-round-at-the-2026-masters,"[""Yes"", ""No""]","[""3552196676409431256058321264726632856457742136928123304011974993547282975714"", ""68968556688574061075175567377701482153188507579441093788107154645584960439465""]",Yes,2026-04-13,2026-04-26T23:00:00Z,2026-04-13
109,gerard,sports_fees_v2,0.0,1899866,will-ryan-gerard-shoot-the-lowest-round-at-the-2026-masters,https://polymarket.com/event/will-ryan-gerard-shoot-the-lowest-round-at-the-2026-masters,KXPGATOUR-MAST26-RGER,https://kalshi.com/markets/KXPGATOUR-MAST26-RGER,https://polymarket.com/event/will-ryan-gerard-shoot-the-lowest-round-at-the-2026-masters,"[""Yes"", ""No""]","[""445870183154446188738431939202704465752561339716080567523202758257637685320"", ""112598035721692835132388874245276074141307230386014896510465785414627953581878""]",Yes,2026-04-13,2026-04-26T23:00:00Z,2026-04-13
110,johnson,sports_fees_v2,0.0,1899867,will-dustin-johnson-shoot-the-lowest-round-at-the-2026-masters,https://polymarket.com/event/will-dustin-johnson-shoot-the-lowest-round-at-the-2026-masters,KXPGATOUR-MAST26-DJOH,https://kalshi.com/markets/KXPGATOUR-MAST26-DJOH,https://polymarket.com/event/will-dustin-johnson-shoot-the-lowest-round-at-the-2026-masters,"[""Yes"", ""No""]","[""58351814654710126501902898959550409230845873545394362824325679416238996634136"", ""7010281782609756656063765347319208080826948200590527877495587298673623703663""]",Yes,2026-04-13,2026-04-26T23:00:00Z,2026-04-13
111,stevens,sports_fees_v2,0.0,1899869,will-sam-stevens-shoot-the-lowest-round-at-the-2026-masters,https://polymarket.com/event/will-sam-stevens-shoot-the-lowest-round-at-the-2026-masters,KXPGATOUR-MAST26-SSTE,https://kalshi.com/markets/KXPGATOUR-MAST26-SSTE,https://polymarket.com/event/will-sam-stevens-shoot-the-lowest-round-at-the-2026-masters,"[""Yes"", ""No""]","[""33423367654905390680807722955981242202760307016401629444044919630361460667172"", ""108727995012997401903754156107935533939939107975611727454709071814873718940543""]",Yes,2026-04-13,2026-04-26T23:00:00Z,2026-04-13
112,hall,sports_fees_v2,0.0,1899870,will-harry-hall-shoot-the-lowest-round-at-the-2026-masters,https://polymarket.com/event/will-harry-hall-shoot-the-lowest-round-at-the-2026-masters,KXPGATOUR-MAST26-HHAL,https://kalshi.com/markets/KXPGATOUR-MAST26-HHAL,https://polymarket.com/event/will-harry-hall-shoot-the-lowest-round-at-the-2026-masters,"[""Yes"", ""No""]","[""19711082794544634454804873937360494716353170335142624403032072667198991679317"", ""17841487279023118542051403590689921017544236437513373341333607871471842990240""]",Yes,2026-04-13,2026-04-26T23:00:00Z,2026-04-13
113,mckibbin,sports_fees_v2,0.0,1899871,will-tom-mckibbin-shoot-the-lowest-round-at-the-2026-masters,https://polymarket.com/event/will-tom-mckibbin-shoot-the-lowest-round-at-the-2026-masters,KXPGATOUR-MAST26-TMCK,https://kalshi.com/markets/KXPGATOUR-MAST26-TMCK,https://polymarket.com/event/will-tom-mckibbin-shoot-the-lowest-round-at-the-2026-masters,"[""Yes"", ""No""]","[""47864640788775298414955741467595456979598707117033341185779682479120158608591"", ""62708985437059731262474763951294792131343552186112893882682825093410725969839""]",Yes,2026-04-13,2026-04-26T23:00:00Z,2026-04-13
114,keefer,sports_fees_v2,0.0,1899874,will-johnny-keefer-shoot-the-lowest-round-at-the-2026-masters,https://polymarket.com/event/will-johnny-keefer-shoot-the-lowest-round-at-the-2026-masters,KXPGATOUR-MAST26-JKEE,https://kalshi.com/markets/KXPGATOUR-MAST26-JKEE,https://polymarket.com/event/will-johnny-keefer-shoot-the-lowest-round-at-the-2026-masters,"[""Yes"", ""No""]","[""78489757992502494400728216937252646777563969029789493127456239061770611337153"", ""54783242447878694764588811839632960059105145481056055955844238685246866144920""]",Yes,2026-04-13,2026-04-26T23:00:00Z,2026-04-13
115,koepka,sports_fees_v2,0.0,1899875,will-brooks-koepka-shoot-the-lowest-round-at-the-2026-masters,https://polymarket.com/event/will-brooks-koepka-shoot-the-lowest-round-at-the-2026-masters,KXPGATOUR-MAST26-BKOE,https://kalshi.com/markets/KXPGATOUR-MAST26-BKOE,https://polymarket.com/event/will-brooks-koepka-shoot-the-lowest-round-at-the-2026-masters,"[""Yes"", ""No""]","[""97828126602860558078976822448809128293200518101147475828495170779779802533815"", ""20822563364785474420911612951179352130335879567176589157426981230648344211829""]",Yes,2026-04-13,2026-04-26T23:00:00Z,2026-04-13
116,novak,sports_fees_v2,0.0,1899878,will-andrew-novak-shoot-the-lowest-round-at-the-2026-masters,https://polymarket.com/event/will-andrew-novak-shoot-the-lowest-round-at-the-2026-masters,KXPGATOUR-MAST26-ANOV,https://kalshi.com/markets/KXPGATOUR-MAST26-ANOV,https://polymarket.com/event/will-andrew-novak-shoot-the-lowest-round-at-the-2026-masters,"[""Yes"", ""No""]","[""46433188398395070766371043522583089798867084863649273624206647776112680057513"", ""110072215034083260895915991134274632509339551352530203793404726108122887529289""]",Yes,2026-04-13,2026-04-26T23:00:00Z,2026-04-13
117,lowry,sports_fees_v2,0.0,1899879,will-shane-lowry-shoot-the-lowest-round-at-the-2026-masters,https://polymarket.com/event/will-shane-lowry-shoot-the-lowest-round-at-the-2026-masters,KXPGATOUR-MAST26-SLOW,https://kalshi.com/markets/KXPGATOUR-MAST26-SLOW,https://polymarket.com/event/will-shane-lowry-shoot-the-lowest-round-at-the-2026-masters,"[""Yes"", ""No""]","[""38595547415554214235697365797097035563526457859771309885901908180064307730349"", ""66325787370826454735897084752609951117944527573809848761953700587792283874388""]",Yes,2026-04-13,2026-04-26T23:00:00Z,2026-04-13
118,macintyre,sports_fees_v2,0.0,1899880,will-robert-macintyre-shoot-the-lowest-round-at-the-2026-masters,https://polymarket.com/event/will-robert-macintyre-shoot-the-lowest-round-at-the-2026-masters,KXPGATOUR-MAST26-RMAC,https://kalshi.com/markets/KXPGATOUR-MAST26-RMAC,https://polymarket.com/event/will-robert-macintyre-shoot-the-lowest-round-at-the-2026-masters,"[""Yes"", ""No""]","[""71541691088460573564509646014055127477386170471973305386740205334223990167886"", ""81951367253144491137848470975140917278991803919284844420125976319343026314575""]",Yes,2026-04-13,2026-04-26T23:00:00Z,2026-04-13
119,matsuyama,sports_fees_v2,0.0,1899881,will-hideki-matsuyama-shoot-the-lowest-round-at-the-2026-masters,https://polymarket.com/event/will-hideki-matsuyama-shoot-the-lowest-round-at-the-2026-masters,KXPGATOUR-MAST26-HMAT,https://kalshi.com/markets/KXPGATOUR-MAST26-HMAT,https://polymarket.com/event/will-hideki-matsuyama-shoot-the-lowest-round-at-the-2026-masters,"[""Yes"", ""No""]","[""45488515071331118940489522034517690752761554282950890804906068654065504664505"", ""359068472745936748665241692975111459534006189377420646688445820159170415259""]",Yes,2026-04-13,2026-04-26T23:00:00Z,2026-04-13
120,brennan,sports_fees_v2,0.0,1899882,will-michael-brennan-shoot-the-lowest-round-at-the-2026-masters,https://polymarket.com/event/will-michael-brennan-shoot-the-lowest-round-at-the-2026-masters,KXPGATOUR-MAST26-MBRE,https://kalshi.com/markets/KXPGATOUR-MAST26-MBRE,https://polymarket.com/event/will-michael-brennan-shoot-the-lowest-round-at-the-2026-masters,"[""Yes"", ""No""]","[""100773124870779675604757830292885804708817523129414635144856187269379325098224"", ""81935432093817556372780234620613385974640908980161822134013042108992058548726""]",Yes,2026-04-13,2026-04-26T23:00:00Z,2026-04-13
121,mcilroy,sports_fees_v2,0.0,1899883,will-rory-mcilroy-shoot-the-lowest-round-at-the-2026-masters,https://polymarket.com/event/will-rory-mcilroy-shoot-the-lowest-round-at-the-2026-masters,KXPGATOUR-MAST26-RMCI,https://kalshi.com/markets/KXPGATOUR-MAST26-RMCI,https://polymarket.com/event/will-rory-mcilroy-shoot-the-lowest-round-at-the-2026-masters,"[""Yes"", ""No""]","[""11060580019857432439767527827056071834796564075894090357922264108787196791492"", ""49276027453163105870075881392673138765099885465363092929845363263525752351291""]",Yes,2026-04-13,2026-04-26T23:00:00Z,2026-04-13
122,reitan,sports_fees_v2,0.0,1899884,will-kristoffer-reitan-shoot-the-lowest-round-at-the-2026-masters,https://polymarket.com/event/will-kristoffer-reitan-shoot-the-lowest-round-at-the-2026-masters,KXPGATOUR-MAST26-KREI,https://kalshi.com/markets/KXPGATOUR-MAST26-KREI,https://polymarket.com/event/will-kristoffer-reitan-shoot-the-lowest-round-at-the-2026-masters,"[""Yes"", ""No""]","[""30924052573690363735651523586596920043170350014979156480539227623126858973170"", ""28858947412100272443980170110428232180092511499795480922949920082967276362938""]",Yes,2026-04-13,2026-04-26T23:00:00Z,2026-04-13
123,mcnealy,sports_fees_v2,0.0,1899885,will-maverick-mcnealy-shoot-the-lowest-round-at-the-2026-masters,https://polymarket.com/event/will-maverick-mcnealy-shoot-the-lowest-round-at-the-2026-masters,KXPGATOUR-MAST26-MMCN,https://kalshi.com/markets/KXPGATOUR-MAST26-MMCN,https://polymarket.com/event/will-maverick-mcnealy-shoot-the-lowest-round-at-the-2026-masters,"[""Yes"", ""No""]","[""7047120047319478832512565884520805013930301413394420621078841842375448115785"", ""29742418000128656424022327873235089330441976534311924298489973506476525490460""]",Yes,2026-04-13,2026-04-26T23:00:00Z,2026-04-13
124,morikawa,sports_fees_v2,0.0,1899886,will-collin-morikawa-shoot-the-lowest-round-at-the-2026-masters,https://polymarket.com/event/will-collin-morikawa-shoot-the-lowest-round-at-the-2026-masters,KXPGATOUR-MAST26-CMOR,https://kalshi.com/markets/KXPGATOUR-MAST26-CMOR,https://polymarket.com/event/will-collin-morikawa-shoot-the-lowest-round-at-the-2026-masters,"[""Yes"", ""No""]","[""89518717832964751134717190874249535141540597044674723001853517472308909638599"", ""29993288960498111252099189359232607459372250858500210847698222032263473609396""]",Yes,2026-04-13,2026-04-26T23:00:00Z,2026-04-13
125,riley,sports_fees_v2,0.0,1899887,will-davis-riley-shoot-the-lowest-round-at-the-2026-masters,https://polymarket.com/event/will-davis-riley-shoot-the-lowest-round-at-the-2026-masters,KXPGATOUR-MAST26-DRIL,https://kalshi.com/markets/KXPGATOUR-MAST26-DRIL,https://polymarket.com/event/will-davis-riley-shoot-the-lowest-round-at-the-2026-masters,"[""Yes"", ""No""]","[""39249336843433814471695950803321859901435136694459697311264506902132253356462"", ""53588780207714569482085408134085846311189155651759561936963512692644863830261""]",Yes,2026-04-13,2026-04-26T23:00:00Z,2026-04-13
126,noren,sports_fees_v2,0.0,1899888,will-alexander-noren-shoot-the-lowest-round-at-the-2026-masters,https://polymarket.com/event/will-alexander-noren-shoot-the-lowest-round-at-the-2026-masters,KXPGATOUR-MAST26-ANOR,https://kalshi.com/markets/KXPGATOUR-MAST26-ANOR,https://polymarket.com/event/will-alexander-noren-shoot-the-lowest-round-at-the-2026-masters,"[""Yes"", ""No""]","[""49425677879995059643168233184836831725401238344371821273946508959655526793838"", ""10332009234549963044708223285310467630329900533361972854265634698307864770165""]",Yes,2026-04-13,2026-04-26T23:00:00Z,2026-04-13
127,campbell,sports_fees_v2,0.0,1899889,will-brian-campbell-shoot-the-lowest-round-at-the-2026-masters,https://polymarket.com/event/will-brian-campbell-shoot-the-lowest-round-at-the-2026-masters,KXPGATOUR-MAST26-BCAM,https://kalshi.com/markets/KXPGATOUR-MAST26-BCAM,https://polymarket.com/event/will-brian-campbell-shoot-the-lowest-round-at-the-2026-masters,"[""Yes"", ""No""]","[""53437898702882955876189272981496459519403691284415285875724975001227332064468"", ""92496869740370196842591044713011621861658883914699212446934415639802163953985""]",Yes,2026-04-13,2026-04-26T23:00:00Z,2026-04-13
128,fang,sports_fees_v2,0.0,1899890,will-ethan-fang-shoot-the-lowest-round-at-the-2026-masters,https://polymarket.com/event/will-ethan-fang-shoot-the-lowest-round-at-the-2026-masters,KXPGATOUR-MAST26-EFAN,https://kalshi.com/markets/KXPGATOUR-MAST26-EFAN,https://polymarket.com/event/will-ethan-fang-shoot-the-lowest-round-at-the-2026-masters,"[""Yes"", ""No""]","[""112039677982920760333796700425398197027165182588232608898872956242213300028065"", ""87573997398422317947455117979388419136746040235815544139542042300224370585289""]",Yes,2026-04-13,2026-04-26T23:00:00Z,2026-04-13
129,laopakdee,sports_fees_v2,0.0,1899891,will-pongsapak-laopakdee-shoot-the-lowest-round-at-the-2026-masters,https://polymarket.com/event/will-pongsapak-laopakdee-shoot-the-lowest-round-at-the-2026-masters,KXPGATOUR-MAST26-FLAO,https://kalshi.com/markets/KXPGATOUR-MAST26-FLAO,https://polymarket.com/event/will-pongsapak-laopakdee-shoot-the-lowest-round-at-the-2026-masters,"[""Yes"", ""No""]","[""97496782844903860238704959224577214491150076383486457254430663473499454184906"", ""22439250511766640072163736651479617645079458252560206827683710889260454519986""]",Yes,2026-04-13,2026-04-26T23:00:00Z,2026-04-13
130,kataoka,sports_fees_v2,0.0,1899892,will-naoyuki-kataoka-shoot-the-lowest-round-at-the-2026-masters,https://polymarket.com/event/will-naoyuki-kataoka-shoot-the-lowest-round-at-the-2026-masters,KXPGATOUR-MAST26-NKAT,https://kalshi.com/markets/KXPGATOUR-MAST26-NKAT,https://polymarket.com/event/will-naoyuki-kataoka-shoot-the-lowest-round-at-the-2026-masters,"[""Yes"", ""No""]","[""81279251579007366893825811084133101303839353544537087707691299719056847401821"", ""7594129849055170652940582534535215183622104856678640599204571645993224903358""]",Yes,2026-04-13,2026-04-26T23:00:00Z,2026-04-13
131,howell,sports_fees_v2,0.0,1899893,will-mason-howell-shoot-the-lowest-round-at-the-2026-masters,https://polymarket.com/event/will-mason-howell-shoot-the-lowest-round-at-the-2026-masters,KXPGATOUR-MAST26-MHOW,https://kalshi.com/markets/KXPGATOUR-MAST26-MHOW,https://polymarket.com/event/will-mason-howell-shoot-the-lowest-round-at-the-2026-masters,"[""Yes"", ""No""]","[""106423193100685389354901672795447816573289204155320210426812275163568052892399"", ""102097786205407700037957661369564383195937102431215873660750691354323036016839""]",Yes,2026-04-13,2026-04-26T23:00:00Z,2026-04-13
132,pulcini,sports_fees_v2,0.0,1899894,will-mateo-pulcini-shoot-the-lowest-round-at-the-2026-masters,https://polymarket.com/event/will-mateo-pulcini-shoot-the-lowest-round-at-the-2026-masters,KXPGATOUR-MAST26-MPUL,https://kalshi.com/markets/KXPGATOUR-MAST26-MPUL,https://polymarket.com/event/will-mateo-pulcini-shoot-the-lowest-round-at-the-2026-masters,"[""Yes"", ""No""]","[""36349356824136248626932263103982922903624527359047202388734769974808134270473"", ""73537294553147141150033064213802844842513131889430755274723959275951292830811""]",Yes,2026-04-13,2026-04-26T23:00:00Z,2026-04-13
133,rahm,sports_fees_v2,0.0,1899895,will-jon-rahm-shoot-the-lowest-round-at-the-2026-masters,https://polymarket.com/event/will-jon-rahm-shoot-the-lowest-round-at-the-2026-masters,KXPGATOUR-MAST26-JRAH,https://kalshi.com/markets/KXPGATOUR-MAST26-JRAH,https://polymarket.com/event/will-jon-rahm-shoot-the-lowest-round-at-the-2026-masters,"[""Yes"", ""No""]","[""98327137116037719519558028325983391537604164083670979339371612981472625240509"", ""41649093465052979995957887957125466390854568938259588270236201675999524998227""]",Yes,2026-04-13,2026-04-26T23:00:00Z,2026-04-13
134,rai,sports_fees_v2,0.0,1899896,will-aaron-rai-shoot-the-lowest-round-at-the-2026-masters,https://polymarket.com/event/will-aaron-rai-shoot-the-lowest-round-at-the-2026-masters,KXPGATOUR-MAST26-ARAI,https://kalshi.com/markets/KXPGATOUR-MAST26-ARAI,https://polymarket.com/event/will-aaron-rai-shoot-the-lowest-round-at-the-2026-masters,"[""Yes"", ""No""]","[""70384119420565231483818053923646703188433132451036375882481569910954652267864"", ""30842373541255147999301400509133802529485569908653837058418775446216192050853""]",Yes,2026-04-13,2026-04-26T23:00:00Z,2026-04-13
135,reed,sports_fees_v2,0.0,1899897,will-patrick-reed-shoot-the-lowest-round-at-the-2026-masters,https://polymarket.com/event/will-patrick-reed-shoot-the-lowest-round-at-the-2026-masters,KXPGATOUR-MAST26-PREE,https://kalshi.com/markets/KXPGATOUR-MAST26-PREE,https://polymarket.com/event/will-patrick-reed-shoot-the-lowest-round-at-the-2026-masters,"[""Yes"", ""No""]","[""2618916165296341626800981492229064303723047716558745591341004087808563691644"", ""32824104793267468104132722799426828796746491065854932083728341883081511031520""]",Yes,2026-04-13,2026-04-26T23:00:00Z,2026-04-13
136,herrington,sports_fees_v2,0.0,1899898,will-jackson-herrington-shoot-the-lowest-round-at-the-2026-masters,https://polymarket.com/event/will-jackson-herrington-shoot-the-lowest-round-at-the-2026-masters,KXPGATOUR-MAST26-JHER,https://kalshi.com/markets/KXPGATOUR-MAST26-JHER,https://polymarket.com/event/will-jackson-herrington-shoot-the-lowest-round-at-the-2026-masters,"[""Yes"", ""No""]","[""109393654792952740308121834645006850075645215454755660458787674482767779531894"", ""97710628350688010819071016924156590019287982922944726627361747492289226715293""]",Yes,2026-04-13,2026-04-26T23:00:00Z,2026-04-13
137,cabrera,sports_fees_v2,0.0,1899899,will-angel-cabrera-shoot-the-lowest-round-at-the-2026-masters,https://polymarket.com/event/will-angel-cabrera-shoot-the-lowest-round-at-the-2026-masters,KXPGATOUR-MAST26-ACAB,https://kalshi.com/markets/KXPGATOUR-MAST26-ACAB,https://polymarket.com/event/will-angel-cabrera-shoot-the-lowest-round-at-the-2026-masters,"[""Yes"", ""No""]","[""3490140812749923473118491660921267058412566383757061105409434020308890755358"", ""15817196109656706444012762240429772406085027867565764838108439232401867078165""]",Yes,2026-04-13,2026-04-26T23:00:00Z,2026-04-13
138,rose,sports_fees_v2,0.0,1899900,will-justin-rose-shoot-the-lowest-round-at-the-2026-masters,https://polymarket.com/event/will-justin-rose-shoot-the-lowest-round-at-the-2026-masters,KXPGATOUR-MAST26-JROS,https://kalshi.com/markets/KXPGATOUR-MAST26-JROS,https://polymarket.com/event/will-justin-rose-shoot-the-lowest-round-at-the-2026-masters,"[""Yes"", ""No""]","[""108996911071802284361118719288178024384279278195731190677566912070735244251296"", ""66487988901901414883341204296146355024120241778829369977870090627824880813737""]",Yes,2026-04-13,2026-04-26T23:00:00Z,2026-04-13
139,schauffele,sports_fees_v2,0.0,1899901,will-xander-schauffele-shoot-the-lowest-round-at-the-2026-masters,https://polymarket.com/event/will-xander-schauffele-shoot-the-lowest-round-at-the-2026-masters,KXPGATOUR-MAST26-XSCH,https://kalshi.com/markets/KXPGATOUR-MAST26-XSCH,https://polymarket.com/event/will-xander-schauffele-shoot-the-lowest-round-at-the-2026-masters,"[""Yes"", ""No""]","[""4587461050698173451051800527546400370759859650890473828821225821810936181835"", ""96732648553960930707028207483147451749171598090582396795486637747788398173368""]",Yes,2026-04-13,2026-04-26T23:00:00Z,2026-04-13
140,scheffler,sports_fees_v2,0.0,1899902,will-scottie-scheffler-shoot-the-lowest-round-at-the-2026-masters,https://polymarket.com/event/will-scottie-scheffler-shoot-the-lowest-round-at-the-2026-masters,KXPGATOUR-MAST26-SSCH,https://kalshi.com/markets/KXPGATOUR-MAST26-SSCH,https://polymarket.com/event/will-scottie-scheffler-shoot-the-lowest-round-at-the-2026-masters,"[""Yes"", ""No""]","[""42513187605194924056125585696296314173230516432085248565432535115147468842009"", ""27659498950978035075884719177398185471677546990976670744423676026626155700520""]",Yes,2026-04-13,2026-04-26T23:00:00Z,2026-04-13
141,schwartzel,sports_fees_v2,0.0,1899903,will-charl-schwartzel-shoot-the-lowest-round-at-the-2026-masters,https://polymarket.com/event/will-charl-schwartzel-shoot-the-lowest-round-at-the-2026-masters,KXPGATOUR-MAST26-CSCH,https://kalshi.com/markets/KXPGATOUR-MAST26-CSCH,https://polymarket.com/event/will-charl-schwartzel-shoot-the-lowest-round-at-the-2026-masters,"[""Yes"", ""No""]","[""21450812418257031994046920474256707688001114186081935459496138072840905643306"", ""73038558545284389473341316743356311608313564407026474602618929196300287722593""]",Yes,2026-04-13,2026-04-26T23:00:00Z,2026-04-13
142,scott,sports_fees_v2,0.0,1899904,will-adam-scott-shoot-the-lowest-round-at-the-2026-masters,https://polymarket.com/event/will-adam-scott-shoot-the-lowest-round-at-the-2026-masters,KXPGATOUR-MAST26-ASCO,https://kalshi.com/markets/KXPGATOUR-MAST26-ASCO,https://polymarket.com/event/will-adam-scott-shoot-the-lowest-round-at-the-2026-masters,"[""Yes"", ""No""]","[""65796718475043324117635525421568314567104320585580400274000584534799405756035"", ""107137571869225191910365528428509087171183316140323546732535093821550060518097""]",Yes,2026-04-13,2026-04-26T23:00:00Z,2026-04-13
143,ortiz,sports_fees_v2,0.0,1899905,will-carlos-ortiz-shoot-the-lowest-round-at-the-2026-masters,https://polymarket.com/event/will-carlos-ortiz-shoot-the-lowest-round-at-the-2026-masters,KXPGATOUR-MAST26-CORT,https://kalshi.com/markets/KXPGATOUR-MAST26-CORT,https://polymarket.com/event/will-carlos-ortiz-shoot-the-lowest-round-at-the-2026-masters,"[""Yes"", ""No""]","[""84598295579613379548520950213790527903531646548358342567077755266737941409536"", ""54107016233477498214636670145954737598343006497613248850491785191268351428365""]",Yes,2026-04-13,2026-04-26T23:00:00Z,2026-04-13
144,smith,sports_fees_v2,0.0,1899906,will-cameron-smith-shoot-the-lowest-round-at-the-2026-masters,https://polymarket.com/event/will-cameron-smith-shoot-the-lowest-round-at-the-2026-masters,KXPGATOUR-MAST26-CSMI,https://kalshi.com/markets/KXPGATOUR-MAST26-CSMI,https://polymarket.com/event/will-cameron-smith-shoot-the-lowest-round-at-the-2026-masters,"[""Yes"", ""No""]","[""87320320097663366003576258285609507311240577816079175021713682851680209852455"", ""102833745211353553385714109467213289524080331929113770583435778890188798718040""]",Yes,2026-04-13,2026-04-26T23:00:00Z,2026-04-13
145,knapp,sports_fees_v2,0.0,1899907,will-jake-knapp-shoot-the-lowest-round-at-the-2026-masters,https://polymarket.com/event/will-jake-knapp-shoot-the-lowest-round-at-the-2026-masters,KXPGATOUR-MAST26-JKNA,https://kalshi.com/markets/KXPGATOUR-MAST26-JKNA,https://polymarket.com/event/will-jake-knapp-shoot-the-lowest-round-at-the-2026-masters,"[""Yes"", ""No""]","[""45857057534014175020559919840339812794773999096159492734852571885620577987577"", ""107655227423751471390209393962066370784369775222240655084394332455200893353381""]",Yes,2026-04-13,2026-04-26T23:00:00Z,2026-04-13
146,spieth,sports_fees_v2,0.0,1899908,will-jordan-spieth-shoot-the-lowest-round-at-the-2026-masters,https://polymarket.com/event/will-jordan-spieth-shoot-the-lowest-round-at-the-2026-masters,KXPGATOUR-MAST26-JSPI,https://kalshi.com/markets/KXPGATOUR-MAST26-JSPI,https://polymarket.com/event/will-jordan-spieth-shoot-the-lowest-round-at-the-2026-masters,"[""Yes"", ""No""]","[""54225502977625986922374864767410315993085096483249850102236883750282712768191"", ""84835591761562731082287273523288269879109995194176060277552401709413509237994""]",Yes,2026-04-13,2026-04-26T23:00:00Z,2026-04-13
147,holtz,sports_fees_v2,0.0,1899909,will-brandon-holtz-shoot-the-lowest-round-at-the-2026-masters,https://polymarket.com/event/will-brandon-holtz-shoot-the-lowest-round-at-the-2026-masters,KXPGATOUR-MAST26-BHOL,https://kalshi.com/markets/KXPGATOUR-MAST26-BHOL,https://polymarket.com/event/will-brandon-holtz-shoot-the-lowest-round-at-the-2026-masters,"[""Yes"", ""No""]","[""60834302970821238003863340689076660371831434909313310229039290997686311526847"", ""90685306199674529076922528760369035827545546986354198130509495422826489999264""]",Yes,2026-04-13,2026-04-26T23:00:00Z,2026-04-13
148,straka,sports_fees_v2,0.0,1899910,will-sepp-straka-shoot-the-lowest-round-at-the-2026-masters,https://polymarket.com/event/will-sepp-straka-shoot-the-lowest-round-at-the-2026-masters,KXPGATOUR-MAST26-SSTR,https://kalshi.com/markets/KXPGATOUR-MAST26-SSTR,https://polymarket.com/event/will-sepp-straka-shoot-the-lowest-round-at-the-2026-masters,"[""Yes"", ""No""]","[""70938952005109010472879341326634196824545562693055422391531628553764845179869"", ""46831983789091010246174909470086187893267953278337719432454775713892090915371""]",Yes,2026-04-13,2026-04-26T23:00:00Z,2026-04-13
149,weir,sports_fees_v2,0.0,1899911,will-mike-weir-shoot-the-lowest-round-at-the-2026-masters,https://polymarket.com/event/will-mike-weir-shoot-the-lowest-round-at-the-2026-masters,KXPGATOUR-MAST26-MWEI,https://kalshi.com/markets/KXPGATOUR-MAST26-MWEI,https://polymarket.com/event/will-mike-weir-shoot-the-lowest-round-at-the-2026-masters,"[""Yes"", ""No""]","[""91747218741761409174528866101945472984192113946701587671473332298316131571946"", ""90528822620622786179407738297817325015075463072270093230954663964552739632419""]",Yes,2026-04-13,2026-04-26T23:00:00Z,2026-04-13
150,thomas,sports_fees_v2,0.0,1899912,will-justin-thomas-shoot-the-lowest-round-at-the-2026-masters,https://polymarket.com/event/will-justin-thomas-shoot-the-lowest-round-at-the-2026-masters,KXPGATOUR-MAST26-JTHO,https://kalshi.com/markets/KXPGATOUR-MAST26-JTHO,https://polymarket.com/event/will-justin-thomas-shoot-the-lowest-round-at-the-2026-masters,"[""Yes"", ""No""]","[""10972217508652251528059472482722592709614665876519326800282424051184498858730"", ""25928215407316763009764332358577331414921698960732189832523003452999145889348""]",Yes,2026-04-13,2026-04-26T23:00:00Z,2026-04-13
151,singh,sports_fees_v2,0.0,1899913,will-vijay-singh-shoot-the-lowest-round-at-the-2026-masters,https://polymarket.com/event/will-vijay-singh-shoot-the-lowest-round-at-the-2026-masters,KXPGATOUR-MAST26-VSIN,https://kalshi.com/markets/KXPGATOUR-MAST26-VSIN,https://polymarket.com/event/will-vijay-singh-shoot-the-lowest-round-at-the-2026-masters,"[""Yes"", ""No""]","[""72133619097998482514279008594466707689580057390514349875668335576136254183534"", ""109496616417318625024614269167835452861582930403210681562439080235802443607937""]",Yes,2026-04-13,2026-04-26T23:00:00Z,2026-04-13
152,watson,sports_fees_v2,0.0,1899914,will-bubba-watson-shoot-the-lowest-round-at-the-2026-masters,https://polymarket.com/event/will-bubba-watson-shoot-the-lowest-round-at-the-2026-masters,KXPGATOUR-MAST26-BWAT,https://kalshi.com/markets/KXPGATOUR-MAST26-BWAT,https://polymarket.com/event/will-bubba-watson-shoot-the-lowest-round-at-the-2026-masters,"[""Yes"", ""No""]","[""72862737212311627552876178921734967101352496381519181393533856375036978900241"", ""7042565594062603490764126350172082698548492271067579619719821012005515421841""]",Yes,2026-04-13,2026-04-26T23:00:00Z,2026-04-13
153,olazabal,sports_fees_v2,0.0,1899915,will-jose-maria-olazabal-shoot-the-lowest-round-at-the-2026-masters,https://polymarket.com/event/will-jose-maria-olazabal-shoot-the-lowest-round-at-the-2026-masters,KXPGATOUR-MAST26-JMAR,https://kalshi.com/markets/KXPGATOUR-MAST26-JMAR,https://polymarket.com/event/will-jose-maria-olazabal-shoot-the-lowest-round-at-the-2026-masters,"[""Yes"", ""No""]","[""6952751510780024295008053174157949833129189037099795971772794863278828250806"", ""6203115965091800559190912130412999731636632649152554506878116061854501550791""]",Yes,2026-04-13,2026-04-26T23:00:00Z,2026-04-13
154,willett,sports_fees_v2,0.0,1899916,will-danny-willett-shoot-the-lowest-round-at-the-2026-masters,https://polymarket.com/event/will-danny-willett-shoot-the-lowest-round-at-the-2026-masters,KXPGATOUR-MAST26-DWIL,https://kalshi.com/markets/KXPGATOUR-MAST26-DWIL,https://polymarket.com/event/will-danny-willett-shoot-the-lowest-round-at-the-2026-masters,"[""Yes"", ""No""]","[""15560088064303884429296883530296930594306129555440556963634821432005314373292"", ""87730517813467341701603939229727137979843492223360080616422054940035815111068""]",Yes,2026-04-13,2026-04-26T23:00:00Z,2026-04-13
155,valimaki,sports_fees_v2,0.0,1899917,will-sami-valimaki-shoot-the-lowest-round-at-the-2026-masters,https://polymarket.com/event/will-sami-valimaki-shoot-the-lowest-round-at-the-2026-masters,KXPGATOUR-MAST26-SVAL,https://kalshi.com/markets/KXPGATOUR-MAST26-SVAL,https://polymarket.com/event/will-sami-valimaki-shoot-the-lowest-round-at-the-2026-masters,"[""Yes"", ""No""]","[""65425703510658876215262208785677240905251062456964551386572132652453387055771"", ""52271573572226033567305790226709645639463670000129604645609359985243262444895""]",Yes,2026-04-13,2026-04-26T23:00:00Z,2026-04-13
156,young,sports_fees_v2,0.0,1899918,will-cameron-young-shoot-the-lowest-round-at-the-2026-masters,https://polymarket.com/event/will-cameron-young-shoot-the-lowest-round-at-the-2026-masters,KXPGATOUR-MAST26-CYOU,https://kalshi.com/markets/KXPGATOUR-MAST26-CYOU,https://polymarket.com/event/will-cameron-young-shoot-the-lowest-round-at-the-2026-masters,"[""Yes"", ""No""]","[""776097764161114244445074852983007199663985275805965428674003976232698940753"", ""105407544884368507434760504335843055396806047153027728182370778447455551783034""]",Yes,2026-04-13,2026-04-26T23:00:00Z,2026-04-13
157,niemann,sports_fees_v2,0.0,568642,will-joaquin-niemann-win-the-2026-masters-tournament,https://polymarket.com/event/will-joaquin-niemann-win-the-2026-masters-tournament,KXPGATOUR-MAST26-JNIE,https://kalshi.com/markets/KXPGATOUR-MAST26-JNIE,https://polymarket.com/event/will-joaquin-niemann-win-the-2026-masters-tournament,"[""Yes"", ""No""]","[""83360540896905087600548853429761530969228643655022594733071150690995680679249"", ""24042023869585474249999457702023653392679144881767280047492435446375998534308""]",Yes,2026-04-13,2026-04-26T23:00:00Z,2026-04-13
158,zalatoris,sports_fees_v2,0.0,568645,will-will-zalatoris-win-the-2026-masters-tournament,https://polymarket.com/event/will-will-zalatoris-win-the-2026-masters-tournament,KXPGATOUR-MAST26-WZAL,https://kalshi.com/markets/KXPGATOUR-MAST26-WZAL,https://polymarket.com/event/will-will-zalatoris-win-the-2026-masters-tournament,"[""Yes"", ""No""]","[""77812790549132939690993888941951548180750291519986108611117830406428000933119"", ""49203025198786785193518852910290148357068872410934571431410170328565962083215""]",Yes,2026-04-13,2026-04-26T23:00:00Z,2026-04-13
159,finau,sports_fees_v2,0.0,568660,will-tony-finau-win-the-2026-masters-tournament,https://polymarket.com/event/will-tony-finau-win-the-2026-masters-tournament,KXPGATOUR-MAST26-TFIN,https://kalshi.com/markets/KXPGATOUR-MAST26-TFIN,https://polymarket.com/event/will-tony-finau-win-the-2026-masters-tournament,"[""Yes"", ""No""]","[""5084644917838758166953593686061478405232057617441956638924457857519915794168"", ""79144514108742252712490584341762621599872480033361249463630234099152442806601""]",Yes,2026-04-13,2026-04-26T23:00:00Z,2026-04-13
160,theegala,sports_fees_v2,0.0,568662,will-sahith-theegala-win-the-2026-masters-tournament,https://polymarket.com/event/will-sahith-theegala-win-the-2026-masters-tournament,KXPGATOUR-MAST26-STHE,https://kalshi.com/markets/KXPGATOUR-MAST26-STHE,https://polymarket.com/event/will-sahith-theegala-win-the-2026-masters-tournament,"[""Yes"", ""No""]","[""77401656422821380278262135285909162148574034355979914183344765602533632962793"", ""115761586840235429590959087122963744673047498143129670067671031881977994505852""]",Yes,2026-04-13,2026-04-26T23:00:00Z,2026-04-13
161,mickelson,sports_fees_v2,0.0,568674,will-phil-mickelson-win-the-2026-masters-tournament,https://polymarket.com/event/will-phil-mickelson-win-the-2026-masters-tournament,KXPGATOUR-MAST26-PMIC,https://kalshi.com/markets/KXPGATOUR-MAST26-PMIC,https://polymarket.com/event/will-phil-mickelson-win-the-2026-masters-tournament,"[""Yes"", ""No""]","[""108311455176683099202905046499402768573101530184810388446810486799250584771402"", ""18163278346910829991910633826841927141192479200147134684441386423987895947215""]",Yes,2026-04-13,2026-04-26T23:00:00Z,2026-04-13
162,woods,sports_fees_v2,0.0,568675,will-tiger-woods-win-the-2026-masters-tournament,https://polymarket.com/event/will-tiger-woods-win-the-2026-masters-tournament,KXPGATOUR-MAST26-TWOO,https://kalshi.com/markets/KXPGATOUR-MAST26-TWOO,https://polymarket.com/event/will-tiger-woods-win-the-2026-masters-tournament,"[""Yes"", ""No""]","[""98782060245269132022255017782190073226700363893840516759631809543479868679857"", ""102274269137461535869157070040627461365578230580393881791526611113194051355965""]",Yes,2026-04-13,2026-04-26T23:00:00Z,2026-04-13
