pair_id,title_clean,category_tag,similarity_score,poly_market_id,poly_slug,poly_url,kalshi_market_id,kalshi_market_id_b,kalshi_url,poly_event_url,poly_outcomes_json,poly_token_ids_json,poly_primary_outcome,expiry_poly_utc,expiry_kalshi_utc,resolution_time_utc
1,los angeles fc colorado rapids,sports_fees_v2,1.0,1732385,mls-laf-col-2026-04-22-btts,https://polymarket.com/event/mls-laf-col-2026-04-22-btts,KXMLSBTTS-26APR22LAFCCOL,,https://kalshi.com/markets/KXMLSBTTS-26APR22LAFCCOL,https://polymarket.com/event/mls-laf-col-2026-04-22-btts,"[""Yes"", ""No""]","[""78536796381169916542587027483485420577243970964469056545180469510284308391635"", ""78333346088742844521400748249273266915004052246258119391124228949646520935930""]",Yes,2026-04-23,2026-05-07T02:30:00Z,2026-04-23
2,san jose earthquakes austin fc,sports_fees_v2,1.0,1732395,mls-sje-aus-2026-04-22-btts,https://polymarket.com/event/mls-sje-aus-2026-04-22-btts,KXMLSBTTS-26APR22SJATX,,https://kalshi.com/markets/KXMLSBTTS-26APR22SJATX,https://polymarket.com/event/mls-sje-aus-2026-04-22-btts,"[""Yes"", ""No""]","[""70173006051598461220545591044566033237187589812108580560645727102555164900994"", ""66488547654384944436921509927585002078726218408677747863773316040623188802261""]",Yes,2026-04-23,2026-05-07T02:30:00Z,2026-04-23
3,real salt lake inter miami cf,sports_fees_v2,1.0,1732404,mls-rsl-mia-2026-04-22-btts,https://polymarket.com/event/mls-rsl-mia-2026-04-22-btts,KXMLSBTTS-26APR22RSLMIA,,https://kalshi.com/markets/KXMLSBTTS-26APR22RSLMIA,https://polymarket.com/event/mls-rsl-mia-2026-04-22-btts,"[""Yes"", ""No""]","[""25860112760941208424813340389463904323050363799096492443620163755533984300334"", ""61571849627257570279112137337292054209914398417009669570041024009593923370001""]",Yes,2026-04-23,2026-05-07T01:30:00Z,2026-04-23
4,houston dynamo san diego fc,sports_fees_v2,1.0,1732414,mls-hou-sdg-2026-04-22-btts,https://polymarket.com/event/mls-hou-sdg-2026-04-22-btts,KXMLSBTTS-26APR22HOUSD,,https://kalshi.com/markets/KXMLSBTTS-26APR22HOUSD,https://polymarket.com/event/mls-hou-sdg-2026-04-22-btts,"[""Yes"", ""No""]","[""60518505272935743573865536493099798686701525431840509573011121914870517930811"", ""97821541754791207617791572088561070241182702330080513921769866542927332825038""]",Yes,2026-04-23,2026-05-07T00:30:00Z,2026-04-23
5,fc dallas minnesota united fc,sports_fees_v2,1.0,1732423,mls-dal-min-2026-04-22-btts,https://polymarket.com/event/mls-dal-min-2026-04-22-btts,KXMLSBTTS-26APR22DALMIN,,https://kalshi.com/markets/KXMLSBTTS-26APR22DALMIN,https://polymarket.com/event/mls-dal-min-2026-04-22-btts,"[""Yes"", ""No""]","[""9660072834532910659736172906290636470154488274548332204930750504503354293860"", ""54962607568260943046829071975563418872734458363777316666645168511700378213135""]",Yes,2026-04-23,2026-05-07T00:30:00Z,2026-04-23
6,angels blue jays,sports_fees_v2,1.0,1998946,mlb-tor-laa-2026-04-22,https://polymarket.com/event/mlb-tor-laa-2026-04-22,KXMLBGAME-26APR221507TORLAA-LAA,KXMLBGAME-26APR221507TORLAA-TOR,https://kalshi.com/markets/KXMLBGAME-26APR221507TORLAA-LAA,https://polymarket.com/event/mlb-tor-laa-2026-04-22,"[""Los Angeles Angels"", ""Toronto Blue Jays""]","[""15247166720089203641287260400328006144073856767495118458485463982108645356636"", ""69000620562522398135759420219223747159237285892248709269817001883471444739775""]",Los Angeles Angels,2026-04-29,2026-04-25T19:07:00Z,2026-04-29
7,athletics mariners,sports_fees_v2,1.0,1998949,mlb-oak-sea-2026-04-22,https://polymarket.com/event/mlb-oak-sea-2026-04-22,KXMLBGAME-26APR221610ATHSEA-ATH,KXMLBGAME-26APR221610ATHSEA-SEA,https://kalshi.com/markets/KXMLBGAME-26APR221610ATHSEA-ATH,https://polymarket.com/event/mlb-oak-sea-2026-04-22,"[""Athletics"", ""Seattle Mariners""]","[""41681911708494437724035725222436584555351217431302324925175006887270533326776"", ""103934761313133087491183455208284839547792286044254775480371532138209600140314""]",Athletics,2026-04-29,2026-04-25T20:10:00Z,2026-04-29
8,tigers brewers,sports_fees_v2,1.0,1998951,mlb-mil-det-2026-04-22,https://polymarket.com/event/mlb-mil-det-2026-04-22,KXMLBGAME-26APR221840MILDET-DET,KXMLBGAME-26APR221840MILDET-MIL,https://kalshi.com/markets/KXMLBGAME-26APR221840MILDET-DET,https://polymarket.com/event/mlb-mil-det-2026-04-22,"[""Detroit Tigers"", ""Milwaukee Brewers""]","[""24376199963836061963127148892222508548845475070456530161421660193154741761346"", ""10910657141326067270533941791013550486673397359929305263715516401806637473586""]",Detroit Tigers,2026-04-29,2026-04-25T22:40:00Z,2026-04-29
9,tigers brewers,sports_fees_v2,1.0,2006091,mlb-mil-det-2026-04-23,https://polymarket.com/event/mlb-mil-det-2026-04-23,KXMLBGAME-26APR231310MILDET-DET,KXMLBGAME-26APR231310MILDET-MIL,https://kalshi.com/markets/KXMLBGAME-26APR231310MILDET-DET,https://polymarket.com/event/mlb-mil-det-2026-04-23,"[""Detroit Tigers"", ""Milwaukee Brewers""]","[""38505072468750993512965831891753962713883051246466674747059452911931256364394"", ""90841688613300245205595598755659767560184297698206265297780466088228560812660""]",Detroit Tigers,2026-04-30,2026-04-26T17:10:00Z,2026-04-30
10,red sox yankees,sports_fees_v2,1.0,1998954,mlb-nyy-bos-2026-04-22,https://polymarket.com/event/mlb-nyy-bos-2026-04-22,KXMLBGAME-26APR221845NYYBOS-BOS,KXMLBGAME-26APR221845NYYBOS-NYY,https://kalshi.com/markets/KXMLBGAME-26APR221845NYYBOS-BOS,https://polymarket.com/event/mlb-nyy-bos-2026-04-22,"[""Boston Red Sox"", ""New York Yankees""]","[""72659467297937089918107071058527922548541305113868195580292742353519701700295"", ""25546238935356792649935232686455132905103384931934792445446326615291321750852""]",Boston Red Sox,2026-04-29,2026-04-25T22:45:00Z,2026-04-29
11,red sox yankees,sports_fees_v2,1.0,2006103,mlb-nyy-bos-2026-04-23,https://polymarket.com/event/mlb-nyy-bos-2026-04-23,KXMLBGAME-26APR231810NYYBOS-BOS,KXMLBGAME-26APR231810NYYBOS-NYY,https://kalshi.com/markets/KXMLBGAME-26APR231810NYYBOS-BOS,https://polymarket.com/event/mlb-nyy-bos-2026-04-23,"[""Boston Red Sox"", ""New York Yankees""]","[""96523712184578411591263982400675814247815654970316458249451872558214351865353"", ""85228103408925327679945104608368865058643378280984634498966636024951864008867""]",Boston Red Sox,2026-04-30,2026-04-26T22:10:00Z,2026-04-30
12,braves nationals,sports_fees_v2,1.0,1998956,mlb-atl-wsh-2026-04-22,https://polymarket.com/event/mlb-atl-wsh-2026-04-22,KXMLBGAME-26APR221845ATLWSH-ATL,KXMLBGAME-26APR221845ATLWSH-WSH,https://kalshi.com/markets/KXMLBGAME-26APR221845ATLWSH-ATL,https://polymarket.com/event/mlb-atl-wsh-2026-04-22,"[""Atlanta Braves"", ""Washington Nationals""]","[""115791803404425564041980803510693090655801500265369150144722052033659869306109"", ""92805019601327532354189435778310311760995995037166951263097013863039394518010""]",Atlanta Braves,2026-04-29,2026-04-25T22:45:00Z,2026-04-29
13,braves nationals,sports_fees_v2,1.0,2006089,mlb-atl-wsh-2026-04-23,https://polymarket.com/event/mlb-atl-wsh-2026-04-23,KXMLBGAME-26APR231305ATLWSH-ATL,KXMLBGAME-26APR231305ATLWSH-WSH,https://kalshi.com/markets/KXMLBGAME-26APR231305ATLWSH-ATL,https://polymarket.com/event/mlb-atl-wsh-2026-04-23,"[""Atlanta Braves"", ""Washington Nationals""]","[""96702512284690529862694794899911157811064594908231461473089291565254390516759"", ""1104396484815369645120199830393911241150212494326219940113161856419212295128""]",Atlanta Braves,2026-04-30,2026-04-26T17:05:00Z,2026-04-30
14,twins mets,sports_fees_v2,1.0,1998958,mlb-min-nym-2026-04-22,https://polymarket.com/event/mlb-min-nym-2026-04-22,KXMLBGAME-26APR221910MINNYM-MIN,KXMLBGAME-26APR221910MINNYM-NYM,https://kalshi.com/markets/KXMLBGAME-26APR221910MINNYM-MIN,https://polymarket.com/event/mlb-min-nym-2026-04-22,"[""Minnesota Twins"", ""New York Mets""]","[""68626040856112672535164604351529236159820665085036898709868675354072160760110"", ""2454459956747295262589652839750914028299047655462057639791639101389423591565""]",Minnesota Twins,2026-04-29,2026-04-25T23:10:00Z,2026-04-29
15,twins mets,sports_fees_v2,1.0,2006106,mlb-min-nym-2026-04-23,https://polymarket.com/event/mlb-min-nym-2026-04-23,KXMLBGAME-26APR231910MINNYM-MIN,KXMLBGAME-26APR231910MINNYM-NYM,https://kalshi.com/markets/KXMLBGAME-26APR231910MINNYM-MIN,https://polymarket.com/event/mlb-min-nym-2026-04-23,"[""Minnesota Twins"", ""New York Mets""]","[""105939896835094316761088558115714700309110714662810161845144503874684689473008"", ""83955033378926906523952752823879972186618975608595198165087150124909244587691""]",Minnesota Twins,2026-04-30,2026-04-26T23:10:00Z,2026-04-30
16,cubs phillies,sports_fees_v2,1.0,1998963,mlb-phi-chc-2026-04-22,https://polymarket.com/event/mlb-phi-chc-2026-04-22,KXMLBGAME-26APR221940PHICHC-CHC,KXMLBGAME-26APR221940PHICHC-PHI,https://kalshi.com/markets/KXMLBGAME-26APR221940PHICHC-CHC,https://polymarket.com/event/mlb-phi-chc-2026-04-22,"[""Chicago Cubs"", ""Philadelphia Phillies""]","[""100555806534967004272115246166316118622420768380447184979141927935031716788987"", ""29335321351765355075186691801948793047415965084250746185895674082691769159059""]",Chicago Cubs,2026-04-29,2026-04-25T23:40:00Z,2026-04-29
17,cubs phillies,sports_fees_v2,1.0,2006094,mlb-phi-chc-2026-04-23,https://polymarket.com/event/mlb-phi-chc-2026-04-23,KXMLBGAME-26APR231420PHICHC-CHC,KXMLBGAME-26APR231420PHICHC-PHI,https://kalshi.com/markets/KXMLBGAME-26APR231420PHICHC-CHC,https://polymarket.com/event/mlb-phi-chc-2026-04-23,"[""Chicago Cubs"", ""Philadelphia Phillies""]","[""87192372493673994970813366677545807632810512155016242072178817644922191603304"", ""38413185475058022267683913338442871085075438927680656195683800055989898562638""]",Chicago Cubs,2026-04-30,2026-04-26T18:20:00Z,2026-04-30
18,pirates rangers,sports_fees_v2,1.0,1998972,mlb-pit-tex-2026-04-22,https://polymarket.com/event/mlb-pit-tex-2026-04-22,KXMLBGAME-26APR222005PITTEX-PIT,KXMLBGAME-26APR222005PITTEX-TEX,https://kalshi.com/markets/KXMLBGAME-26APR222005PITTEX-PIT,https://polymarket.com/event/mlb-pit-tex-2026-04-22,"[""Pittsburgh Pirates"", ""Texas Rangers""]","[""53142945212265016174812790871842636242593429005521761300413012996758813045598"", ""78689991244416706488007013648422411863962279489258157886638585019498882173091""]",Pittsburgh Pirates,2026-04-30,2026-04-26T00:05:00Z,2026-04-30
19,pirates rangers,sports_fees_v2,1.0,2006108,mlb-pit-tex-2026-04-23,https://polymarket.com/event/mlb-pit-tex-2026-04-23,KXMLBGAME-26APR232005PITTEX-PIT,KXMLBGAME-26APR232005PITTEX-TEX,https://kalshi.com/markets/KXMLBGAME-26APR232005PITTEX-PIT,https://polymarket.com/event/mlb-pit-tex-2026-04-23,"[""Pittsburgh Pirates"", ""Texas Rangers""]","[""13651748497091237808460113623486770193427477134717425380391907960466586656575"", ""30749752882380468581455841009460065689112582074809192530663606496981501013213""]",Pittsburgh Pirates,2026-05-01,2026-04-27T00:05:00Z,2026-05-01
20,rockies padres,sports_fees_v2,1.0,1998975,mlb-sd-col-2026-04-22,https://polymarket.com/event/mlb-sd-col-2026-04-22,KXMLBGAME-26APR222040SDCOL-COL,KXMLBGAME-26APR222040SDCOL-SD,https://kalshi.com/markets/KXMLBGAME-26APR222040SDCOL-COL,https://polymarket.com/event/mlb-sd-col-2026-04-22,"[""Colorado Rockies"", ""San Diego Padres""]","[""18901440672257009541086196295776299820364105249953857245940475061149432695673"", ""40446447523614279845157001660220950484085648632340098236081844789391952312507""]",Colorado Rockies,2026-04-30,2026-04-26T00:40:00Z,2026-04-30
21,rockies padres,sports_fees_v2,1.0,2006096,mlb-sd-col-2026-04-23,https://polymarket.com/event/mlb-sd-col-2026-04-23,KXMLBGAME-26APR231510SDCOL-COL,KXMLBGAME-26APR231510SDCOL-SD,https://kalshi.com/markets/KXMLBGAME-26APR231510SDCOL-COL,https://polymarket.com/event/mlb-sd-col-2026-04-23,"[""Colorado Rockies"", ""San Diego Padres""]","[""51511271621418810021746325581517162169763787590732763504674691359248263184904"", ""27642598962039174219718624407527335300354068499003825663843020478530755311040""]",Colorado Rockies,2026-04-30,2026-04-26T19:10:00Z,2026-04-30
22,diamondbacks white sox,sports_fees_v2,1.0,1998977,mlb-cws-ari-2026-04-22,https://polymarket.com/event/mlb-cws-ari-2026-04-22,KXMLBGAME-26APR222140CWSAZ-AZ,KXMLBGAME-26APR222140CWSAZ-CWS,https://kalshi.com/markets/KXMLBGAME-26APR222140CWSAZ-AZ,https://polymarket.com/event/mlb-cws-ari-2026-04-22,"[""Arizona Diamondbacks"", ""Chicago White Sox""]","[""82310124316239635240903638387178505890438304133582883349031201283758940133911"", ""25219574520298238442869763635502721442045650180205248004441011146838449400832""]",Arizona Diamondbacks,2026-04-30,2026-04-26T01:40:00Z,2026-04-30
23,diamondbacks white sox,sports_fees_v2,1.0,2006099,mlb-cws-ari-2026-04-23,https://polymarket.com/event/mlb-cws-ari-2026-04-23,KXMLBGAME-26APR231540CWSAZ-AZ,KXMLBGAME-26APR231540CWSAZ-CWS,https://kalshi.com/markets/KXMLBGAME-26APR231540CWSAZ-AZ,https://polymarket.com/event/mlb-cws-ari-2026-04-23,"[""Arizona Diamondbacks"", ""Chicago White Sox""]","[""107922042806811764925218823200346367326675941127557479234143456829185934682717"", ""10863031032259858830378867980805475359953872244209182344361188883133954924631""]",Arizona Diamondbacks,2026-04-30,2026-04-26T19:40:00Z,2026-04-30
24,dodgers giants,sports_fees_v2,1.0,1998979,mlb-lad-sf-2026-04-22,https://polymarket.com/event/mlb-lad-sf-2026-04-22,KXMLBGAME-26APR222145LADSF-LAD,KXMLBGAME-26APR222145LADSF-SF,https://kalshi.com/markets/KXMLBGAME-26APR222145LADSF-LAD,https://polymarket.com/event/mlb-lad-sf-2026-04-22,"[""Los Angeles Dodgers"", ""San Francisco Giants""]","[""44873272076233692815603580375693635300534340658657342818952715903071437996382"", ""41114748268858971566443348519032322098881207065095542737103639357046966934307""]",Los Angeles Dodgers,2026-04-30,2026-04-26T01:45:00Z,2026-04-30
25,dodgers giants,sports_fees_v2,1.0,2006101,mlb-lad-sf-2026-04-23,https://polymarket.com/event/mlb-lad-sf-2026-04-23,KXMLBGAME-26APR231545LADSF-LAD,KXMLBGAME-26APR231545LADSF-SF,https://kalshi.com/markets/KXMLBGAME-26APR231545LADSF-LAD,https://polymarket.com/event/mlb-lad-sf-2026-04-23,"[""Los Angeles Dodgers"", ""San Francisco Giants""]","[""57000658731453601478300604323737210271919447810173160030639779025251116260314"", ""107649293368735132879308416200100226599182430589394178547553395330767053668062""]",Los Angeles Dodgers,2026-04-30,2026-04-26T19:45:00Z,2026-04-30
26,chennai super kings mumbai indians,sports_fees_v2,1.0,2000122,cricipl-mum-che-2026-04-23,https://polymarket.com/event/cricipl-mum-che-2026-04-23,KXIPLGAME-26APR23CSKMI-CSK,KXIPLGAME-26APR23CSKMI-MI,https://kalshi.com/markets/KXIPLGAME-26APR23CSKMI-CSK,https://polymarket.com/event/cricipl-mum-che-2026-04-23,"[""Chennai Super Kings"", ""Mumbai Indians""]","[""35936147590617963145782278121608467205242492941994090547335310504344636393761"", ""45176079397680045718016275477438541145437354858165052513732021994941065202011""]",Chennai Super Kings,2026-04-30,2026-04-26T14:00:00Z,2026-04-30
27,nip sharks,sports_fees_v2,1.0,2001897,cs2-nip-shk-2026-04-23,https://polymarket.com/event/cs2-nip-shk-2026-04-23,KXCS2GAME-26APR231400SHKNIP-NIP,KXCS2GAME-26APR231400SHKNIP-SHK,https://kalshi.com/markets/KXCS2GAME-26APR231400SHKNIP-NIP,https://polymarket.com/event/cs2-nip-shk-2026-04-23,"[""NIP"", ""Sharks""]","[""5470580204511726029311158936129818778811905451066840355375046901993050945398"", ""8825009320137328295068225642886265903806717707031213493496642234875356718852""]",NIP,2026-04-24,2026-05-07T18:00:00Z,2026-04-24
28,doosan bears lotte giants,sports_fees_v2,1.0,2006081,kbo-doo-lot-2026-04-23,https://polymarket.com/event/kbo-doo-lot-2026-04-23,KXKBOGAME-26APR230530DOOLOT-DOO,KXKBOGAME-26APR230530DOOLOT-LOT,https://kalshi.com/markets/KXKBOGAME-26APR230530DOOLOT-DOO,https://polymarket.com/event/kbo-doo-lot-2026-04-23,"[""Doosan Bears"", ""Lotte Giants""]","[""18859079100034790504329550135372263837515648344842912486973197711754465113931"", ""34181936311772000483948120597771257402589611487717499859331982426855092138554""]",Doosan Bears,2026-04-30,2026-04-26T09:30:00Z,2026-04-30
29,hanwha eagles lg twins,sports_fees_v2,1.0,2006082,kbo-han-lg-2026-04-23,https://polymarket.com/event/kbo-han-lg-2026-04-23,KXKBOGAME-26APR230530HANLG-HAN,KXKBOGAME-26APR230530HANLG-LG,https://kalshi.com/markets/KXKBOGAME-26APR230530HANLG-HAN,https://polymarket.com/event/kbo-han-lg-2026-04-23,"[""Hanwha Eagles"", ""LG Twins""]","[""3519794110627030160679051697713147286493089172342925207268853734445404578529"", ""46283712953082442717938121877376478744751375733325568674326751023534185823963""]",Hanwha Eagles,2026-04-30,2026-04-26T09:30:00Z,2026-04-30
30,ssg landers samsung lions,sports_fees_v2,1.0,2006083,kbo-ssg-sam-2026-04-23,https://polymarket.com/event/kbo-ssg-sam-2026-04-23,KXKBOGAME-26APR230530SSGSAM-SSG,KXKBOGAME-26APR230530SSGSAM-SAM,https://kalshi.com/markets/KXKBOGAME-26APR230530SSGSAM-SSG,https://polymarket.com/event/kbo-ssg-sam-2026-04-23,"[""SSG Landers"", ""Samsung Lions""]","[""54981825851489444416487131808132528918928238389214762457173638851216658996642"", ""47719561226587410473245532262693879594047299019701009174890675714590189731612""]",SSG Landers,2026-04-30,2026-04-26T09:30:00Z,2026-04-30
31,kt wiz kia tigers,sports_fees_v2,1.0,2006084,kbo-kia-kt-2026-04-23,https://polymarket.com/event/kbo-kia-kt-2026-04-23,KXKBOGAME-26APR230530KIAKTW-KTW,KXKBOGAME-26APR230530KIAKTW-KIA,https://kalshi.com/markets/KXKBOGAME-26APR230530KIAKTW-KTW,https://polymarket.com/event/kbo-kia-kt-2026-04-23,"[""KT Wiz"", ""Kia Tigers""]","[""112141456531886146956618895862338377404991533486206664876027121138146379592178"", ""98343639872196700309835831170009241296729108148151622325280393497465379045273""]",KT Wiz,2026-04-30,2026-04-26T09:30:00Z,2026-04-30
32,kiwoom heroes nc dinos,sports_fees_v2,1.0,2006086,kbo-nc-kiw-2026-04-23,https://polymarket.com/event/kbo-nc-kiw-2026-04-23,KXKBOGAME-26APR230530NCDKIW-KIW,KXKBOGAME-26APR230530NCDKIW-NCD,https://kalshi.com/markets/KXKBOGAME-26APR230530NCDKIW-KIW,https://polymarket.com/event/kbo-nc-kiw-2026-04-23,"[""Kiwoom Heroes"", ""NC Dinos""]","[""9664888116703933050021696567945714293450220696810546391379105428383348161031"", ""79909222643143808481564734932912409223658277383717412288401798183118784733968""]",Kiwoom Heroes,2026-04-30,2026-04-26T09:30:00Z,2026-04-30
33,hawks knicks,sports_fees_v2,1.0,2006280,nba-nyk-atl-2026-04-23,https://polymarket.com/event/nba-nyk-atl-2026-04-23,KXNBAGAME-26APR23NYKATL-ATL,KXNBAGAME-26APR23NYKATL-NYK,https://kalshi.com/markets/KXNBAGAME-26APR23NYKATL-ATL,https://polymarket.com/event/nba-nyk-atl-2026-04-23,"[""Hawks"", ""Knicks""]","[""90438592049517729732515962678966587367898182525143187010258898141614376128495"", ""92430469735954963360049025962310229515467044409334320200786108488083599918032""]",Hawks,2026-04-23,2026-05-07T23:00:00Z,2026-04-23
34,cavaliers raptors,sports_fees_v2,1.0,2006281,nba-cle-tor-2026-04-23,https://polymarket.com/event/nba-cle-tor-2026-04-23,KXNBAGAME-26APR23CLETOR-CLE,KXNBAGAME-26APR23CLETOR-TOR,https://kalshi.com/markets/KXNBAGAME-26APR23CLETOR-CLE,https://polymarket.com/event/nba-cle-tor-2026-04-23,"[""Cavaliers"", ""Raptors""]","[""25230274555184539481141006588566188470862733073231896983915544817773662870574"", ""62346232475274108555301820390970040356502087762313878214484656726921973247989""]",Cavaliers,2026-04-24,2026-05-08T00:00:00Z,2026-04-24
35,nuggets timberwolves,sports_fees_v2,1.0,2006283,nba-den-min-2026-04-23,https://polymarket.com/event/nba-den-min-2026-04-23,KXNBAGAME-26APR23DENMIN-DEN,KXNBAGAME-26APR23DENMIN-MIN,https://kalshi.com/markets/KXNBAGAME-26APR23DENMIN-DEN,https://polymarket.com/event/nba-den-min-2026-04-23,"[""Nuggets"", ""Timberwolves""]","[""57106528408617960712661120298989744533630001901536908029350473621909037914989"", ""39702598758933400781508763730883652639662767947497220910585474709790299716683""]",Nuggets,2026-04-24,2026-05-08T01:30:00Z,2026-04-24
36,stars wild,sports_fees_v2,1.0,2006802,nhl-dal-min-2026-04-22,https://polymarket.com/event/nhl-dal-min-2026-04-22,KXNHLGAME-26APR22DALMIN-DAL,KXNHLGAME-26APR22DALMIN-MIN,https://kalshi.com/markets/KXNHLGAME-26APR22DALMIN-DAL,https://polymarket.com/event/nhl-dal-min-2026-04-22,"[""Stars"", ""Wild""]","[""34766028347506620602341135095648390809627910354583805333451958624638557719757"", ""101698476338373261638536378012618133991248648957584150207657600177952760763614""]",Stars,2026-04-23,2026-05-07T01:30:00Z,2026-04-23
37,ducks oilers,sports_fees_v2,1.0,2006807,nhl-ana-edm-2026-04-22,https://polymarket.com/event/nhl-ana-edm-2026-04-22,KXNHLGAME-26APR22ANAEDM-ANA,KXNHLGAME-26APR22ANAEDM-EDM,https://kalshi.com/markets/KXNHLGAME-26APR22ANAEDM-ANA,https://polymarket.com/event/nhl-ana-edm-2026-04-22,"[""Ducks"", ""Oilers""]","[""19506243454133409978651465891149386453919367684498934141504145790203017273555"", ""14591801749104755087014736433225207902074794527990078809490355102916503660819""]",Ducks,2026-04-23,2026-05-07T02:00:00Z,2026-04-23
38,bruins sabres,sports_fees_v2,1.0,2006817,nhl-buf-bos-2026-04-23,https://polymarket.com/event/nhl-buf-bos-2026-04-23,KXNHLGAME-26APR23BUFBOS-BOS,KXNHLGAME-26APR23BUFBOS-BUF,https://kalshi.com/markets/KXNHLGAME-26APR23BUFBOS-BOS,https://polymarket.com/event/nhl-buf-bos-2026-04-23,"[""Bruins"", ""Sabres""]","[""33752151326525969122412679233562982769583812131964192891224211130580144327096"", ""104385370113893327905354462536848412902341456091234714451900079507944405057320""]",Bruins,2026-04-23,2026-05-07T23:00:00Z,2026-04-23
39,hurricanes senators,sports_fees_v2,1.0,2006822,nhl-car-ott-2026-04-23,https://polymarket.com/event/nhl-car-ott-2026-04-23,KXNHLGAME-26APR23CAROTT-CAR,KXNHLGAME-26APR23CAROTT-OTT,https://kalshi.com/markets/KXNHLGAME-26APR23CAROTT-CAR,https://polymarket.com/event/nhl-car-ott-2026-04-23,"[""Hurricanes"", ""Senators""]","[""33283006849405376623607490178165367025393902907262656769259894429928837460099"", ""49081921476366537559664483817489741737649174786676816859243838139196237755526""]",Hurricanes,2026-04-23,2026-05-07T23:30:00Z,2026-04-23
40,avalanche kings,sports_fees_v2,1.0,2006827,nhl-col-lak-2026-04-23,https://polymarket.com/event/nhl-col-lak-2026-04-23,KXNHLGAME-26APR23COLLA-COL,KXNHLGAME-26APR23COLLA-LA,https://kalshi.com/markets/KXNHLGAME-26APR23COLLA-COL,https://polymarket.com/event/nhl-col-lak-2026-04-23,"[""Avalanche"", ""Kings""]","[""107110888394300520362973012614464687719753782977396035486843384855274351236595"", ""54673769943449714674472171962334986774447157033355780710585082389175730665780""]",Avalanche,2026-04-24,2026-05-08T02:00:00Z,2026-04-24
41,suns thunder,sports_fees_v2,1.0,2012792,nba-phx-okc-2026-04-22,https://polymarket.com/event/nba-phx-okc-2026-04-22,KXNBAGAME-26APR22PHXOKC-PHX,KXNBAGAME-26APR22PHXOKC-OKC,https://kalshi.com/markets/KXNBAGAME-26APR22PHXOKC-PHX,https://polymarket.com/event/nba-phx-okc-2026-04-22,"[""Suns"", ""Thunder""]","[""81097479775162715196637378793566627239866006005224332789549325479718903885768"", ""28005153828654920128085880371664285797494691659131839762220310297656589209075""]",Suns,2026-04-23,2026-05-07T01:30:00Z,2026-04-23
42,dn soopers gen.g,sports_fees_v2,1.0,2014230,lol-gen-dnf-2026-04-23,https://polymarket.com/event/lol-gen-dnf-2026-04-23,KXLOLGAME-26APR230600DNFGEN-DNF,KXLOLGAME-26APR230600DNFGEN-GEN,https://kalshi.com/markets/KXLOLGAME-26APR230600DNFGEN-DNF,https://polymarket.com/event/lol-gen-dnf-2026-04-23,"[""DN SOOPers"", ""Gen.G""]","[""73254363076600502671563766827875624743698387861952453627594684766745587673141"", ""59867198590768524957988535216661840691955850713877168284322955668234061651070""]",DN SOOPers,2026-04-23,2026-05-07T10:00:00Z,2026-04-23
43,islanders hershey bears,sports_fees_v2,1.0,2034203,ahl-bri-her-2026-04-23,https://polymarket.com/event/ahl-bri-her-2026-04-23,KXAHLGAME-26APR231900BRIHER-BRI,KXAHLGAME-26APR231900BRIHER-HER,https://kalshi.com/markets/KXAHLGAME-26APR231900BRIHER-BRI,https://polymarket.com/event/ahl-bri-her-2026-04-23,"[""Bridgeport Islanders"", ""Hershey Bears""]","[""56648993343989682992320838398080899577460915773863828191338963453833364419491"", ""12669579473349273006726002082991380154012178095373238704584494113688138731060""]",Bridgeport Islanders,2026-04-23,2026-05-07T23:00:00Z,2026-04-23
44,svrcina bernet,sports_fees_v2,1.0,2037623,atp-svrcina-bernet-2026-04-22,https://polymarket.com/event/atp-svrcina-bernet-2026-04-22,KXATPCHALLENGERMATCH-26APR22SVRBER-SVR,KXATPCHALLENGERMATCH-26APR22SVRBER-BER,https://kalshi.com/markets/KXATPCHALLENGERMATCH-26APR22SVRBER-SVR,https://polymarket.com/event/atp-svrcina-bernet-2026-04-22,"[""Dalibor Svrcina"", ""Henry Bernet""]","[""61234122526946880941440611173566623454163161297333884374607206301673497561167"", ""12830654569289199994510172358011342604754523638347752403118184019514879596557""]",Dalibor Svrcina,2026-04-29,2026-05-06T14:30:00Z,2026-04-29
45,sweeny mccabe,sports_fees_v2,1.0,2042095,atp-sweeny-mccabe-2026-04-22,https://polymarket.com/event/atp-sweeny-mccabe-2026-04-22,KXATPCHALLENGERMATCH-26APR22SWEMCC-SWE,KXATPCHALLENGERMATCH-26APR22SWEMCC-MCC,https://kalshi.com/markets/KXATPCHALLENGERMATCH-26APR22SWEMCC-SWE,https://polymarket.com/event/atp-sweeny-mccabe-2026-04-22,"[""Dane Sweeny"", ""James McCabe""]","[""108502816571867956548432062909652927750034186601395406664953626253213258667448"", ""87153163999292977462174758440658527122378933825152617263193243826334568892873""]",Dane Sweeny,2026-04-30,2026-05-07T03:10:00Z,2026-04-30
46,shimabukuro shimizu,sports_fees_v2,1.0,2042096,atp-shimabu-shimizu-2026-04-22,https://polymarket.com/event/atp-shimabu-shimizu-2026-04-22,KXATPCHALLENGERMATCH-26APR22SHISHI2-SHI,KXATPCHALLENGERMATCH-26APR22SHISHI2-SHI2,https://kalshi.com/markets/KXATPCHALLENGERMATCH-26APR22SHISHI2-SHI,https://polymarket.com/event/atp-shimabu-shimizu-2026-04-22,"[""Sho Shimabukuro"", ""Yuta Shimizu""]","[""92509212944494473704933998358360101178872650314518982326060240315815056911190"", ""55841005172733958282661299390749950883621865163406612704243353534686748530468""]",Sho Shimabukuro,2026-04-30,2026-05-07T02:00:00Z,2026-04-30
47,kukushkin riedi,sports_fees_v2,1.0,2042098,atp-kukushk-riedi-2026-04-22,https://polymarket.com/event/atp-kukushk-riedi-2026-04-22,KXATPCHALLENGERMATCH-26APR22KUKRIE-RIE,KXATPCHALLENGERMATCH-26APR22KUKRIE-KUK,https://kalshi.com/markets/KXATPCHALLENGERMATCH-26APR22KUKRIE-RIE,https://polymarket.com/event/atp-kukushk-riedi-2026-04-22,"[""Leandro Riedi"", ""Mikhail Kukushkin""]","[""46100584531814664345242159801181312057499697477263088412617253123346566274635"", ""52372038016642407693316627651084106952582614861565654203795724557880036800461""]",Leandro Riedi,2026-04-30,2026-05-07T03:10:00Z,2026-04-30
48,galarneau holmgren,sports_fees_v2,1.0,2042099,atp-galarne-holmgre-2026-04-22,https://polymarket.com/event/atp-galarne-holmgre-2026-04-22,KXATPCHALLENGERMATCH-26APR22GALHOL-GAL,,https://kalshi.com/markets/KXATPCHALLENGERMATCH-26APR22GALHOL-GAL,https://polymarket.com/event/atp-galarne-holmgre-2026-04-22,"[""Alexis Galarneau"", ""August Holmgren""]","[""43585930176838687226757375728611884543970962797568343097909649116358504184159"", ""59817743753165100331518134908081113534454664774349083718867048778433786070511""]",Alexis Galarneau,2026-04-30,2026-05-07T02:00:00Z,2026-04-30
49,wang samson,sports_fees_v2,1.0,2044474,wta-wa-samson-2026-04-23,https://polymarket.com/event/wta-wa-samson-2026-04-23,KXWTAMATCH-26APR23WANSAM-SAM,KXWTAMATCH-26APR23WANSAM-WAN,https://kalshi.com/markets/KXWTAMATCH-26APR23WANSAM-SAM,https://polymarket.com/event/wta-wa-samson-2026-04-23,"[""Laura Samson"", ""Xinyu Wang""]","[""12717556827668572440129602091476867758689524183394713889984591705834334736394"", ""107703232968297414736646515318753127601913604878176323976838364814023943284714""]",Laura Samson,2026-04-30,2026-05-07T09:00:00Z,2026-04-30
50,bencic marcinko,sports_fees_v2,1.0,2044489,wta-bencic-marcink-2026-04-23,https://polymarket.com/event/wta-bencic-marcink-2026-04-23,KXWTAMATCH-26APR23BENMAR-MAR,,https://kalshi.com/markets/KXWTAMATCH-26APR23BENMAR-MAR,https://polymarket.com/event/wta-bencic-marcink-2026-04-23,"[""Petra Marcinko"", ""Belinda Bencic""]","[""2952868327897237958354482003768238280782142818144767151454425603665770691300"", ""43039489606620012356637526705255798725566831498132376180838488246982982629742""]",Petra Marcinko,2026-04-30,2026-05-07T09:00:00Z,2026-04-30
51,maneiro shnaider,sports_fees_v2,1.0,2044492,wta-maneiro-shnaide-2026-04-23,https://polymarket.com/event/wta-maneiro-shnaide-2026-04-23,KXWTAMATCH-26APR23BOUSHN-BOU,KXWTAMATCH-26APR23BOUSHN-SHN,https://kalshi.com/markets/KXWTAMATCH-26APR23BOUSHN-BOU,https://polymarket.com/event/wta-maneiro-shnaide-2026-04-23,"[""Diana Shnaider"", ""Jessica Bouzas Maneiro""]","[""90924695346043361347744922363123917843872717867440068293387006845011537373302"", ""9778360079436381943117717598377529553660343167226922848666377169073540754873""]",Diana Shnaider,2026-04-30,2026-05-07T09:00:00Z,2026-04-30
52,siegemund paolini,sports_fees_v2,1.0,2044496,wta-siegemu-paolini-2026-04-23,https://polymarket.com/event/wta-siegemu-paolini-2026-04-23,KXWTAMATCH-26APR23SIEPAO-PAO,KXWTAMATCH-26APR23SIEPAO-SIE,https://kalshi.com/markets/KXWTAMATCH-26APR23SIEPAO-PAO,https://polymarket.com/event/wta-siegemu-paolini-2026-04-23,"[""Jasmine Paolini"", ""Laura Siegemund""]","[""35641250047957438759641156110388768044583819253533486373412078341275901034566"", ""7734712322044456654933156559715809542439023018459336279563494008175008509577""]",Jasmine Paolini,2026-04-30,2026-05-07T09:00:00Z,2026-04-30
53,bondar svitolina,sports_fees_v2,1.0,2044508,wta-bondar-svitoli-2026-04-23,https://polymarket.com/event/wta-bondar-svitoli-2026-04-23,KXWTAMATCH-26APR23BONSVI-BON,KXWTAMATCH-26APR23BONSVI-SVI,https://kalshi.com/markets/KXWTAMATCH-26APR23BONSVI-BON,https://polymarket.com/event/wta-bondar-svitoli-2026-04-23,"[""Anna Bondar"", ""Elina Svitolina""]","[""82168629346022914626769795516968508805146017546497648052867377066939608663697"", ""109628874121316536878863364092399170477525379909660627089031571627724032363228""]",Anna Bondar,2026-04-30,2026-05-07T09:00:00Z,2026-04-30
54,fernandez grabher,sports_fees_v2,1.0,2044530,wta-fernand-grabher-2026-04-23,https://polymarket.com/event/wta-fernand-grabher-2026-04-23,KXWTAMATCH-26APR23FERGRA-GRA,KXWTAMATCH-26APR23FERGRA-FER,https://kalshi.com/markets/KXWTAMATCH-26APR23FERGRA-GRA,https://polymarket.com/event/wta-fernand-grabher-2026-04-23,"[""Julia Grabher"", ""Leylah Fernandez""]","[""36765523028611510106909425759310592051210878452163488522003208633703006652016"", ""90766812446196346397636632239001019028144933740324619835197565311861173759049""]",Julia Grabher,2026-04-30,2026-05-07T09:00:00Z,2026-04-30
55,draxl feldbausch,sports_fees_v2,1.0,2047605,atp-draxl-feldbau-2026-04-22,https://polymarket.com/event/atp-draxl-feldbau-2026-04-22,KXATPCHALLENGERMATCH-26APR22DRAFEL-FEL,KXATPCHALLENGERMATCH-26APR22DRAFEL-DRA,https://kalshi.com/markets/KXATPCHALLENGERMATCH-26APR22DRAFEL-FEL,https://polymarket.com/event/atp-draxl-feldbau-2026-04-22,"[""Kilian Feldbausch"", ""Liam Draxl""]","[""90987200628032251820120815162343068101580803532676222564054822314344663177323"", ""8704546018488433694852958575075367794947268551211958905851623055062699431743""]",Kilian Feldbausch,2026-04-29,2026-05-06T18:30:00Z,2026-04-29
56,disguised lyon,sports_fees_v2,1.0,2050185,lol-ly-dsg-2026-04-22,https://polymarket.com/event/lol-ly-dsg-2026-04-22,KXLOLGAME-26APR221700LYDSG-DSG,KXLOLGAME-26APR221700LYDSG-LY,https://kalshi.com/markets/KXLOLGAME-26APR221700LYDSG-DSG,https://polymarket.com/event/lol-ly-dsg-2026-04-22,"[""Disguised"", ""LYON""]","[""65700563910681936207928415559658984347214864738147947581472303629437532934105"", ""27886572093744874334164640143458210904878256358800763306828446634623742189685""]",Disguised,2026-04-23,2026-05-06T21:00:00Z,2026-04-23
57,flyquest sentinels,sports_fees_v2,1.0,2050210,lol-fly-sen-2026-04-23,https://polymarket.com/event/lol-fly-sen-2026-04-23,KXLOLGAME-26APR231400SENFLY-FLY,KXLOLGAME-26APR231400SENFLY-SEN,https://kalshi.com/markets/KXLOLGAME-26APR231400SENFLY-FLY,https://polymarket.com/event/lol-fly-sen-2026-04-23,"[""FlyQuest"", ""Sentinels""]","[""58016047732658333250782765477582620847680962725180689630612951202662381153777"", ""40014007624863430351490693198594498115894568854207585412771715341514060346856""]",FlyQuest,2026-04-24,2026-05-07T18:00:00Z,2026-04-24
58,fomin wiskandt,sports_fees_v2,1.0,2051330,atp-fomin-wiskand-2026-04-23,https://polymarket.com/event/atp-fomin-wiskand-2026-04-23,KXATPCHALLENGERMATCH-26APR23FOMWIS-WIS,KXATPCHALLENGERMATCH-26APR23FOMWIS-FOM,https://kalshi.com/markets/KXATPCHALLENGERMATCH-26APR23FOMWIS-WIS,https://polymarket.com/event/atp-fomin-wiskand-2026-04-23,"[""Max Wiskandt"", ""Sergey Fomin""]","[""73726953219157800847810566449496959075386026410510061236375835575355441271824"", ""19354536537532488470950698842217409761536058692706988022828217935018626643908""]",Max Wiskandt,2026-04-30,2026-05-07T07:10:00Z,2026-04-30
59,andreeva udvardy,sports_fees_v2,1.0,2053365,wta-andreev-udvardy-2026-04-23,https://polymarket.com/event/wta-andreev-udvardy-2026-04-23,KXWTAMATCH-26APR23ANDUDV-AND,KXWTAMATCH-26APR23ANDUDV-UDV,https://kalshi.com/markets/KXWTAMATCH-26APR23ANDUDV-AND,https://polymarket.com/event/wta-andreev-udvardy-2026-04-23,"[""Mirra Andreeva"", ""Panna Udvardy""]","[""109714765811611838003052841827995286021436074879308733424267359480904144975928"", ""37141721598997949761899400431006752610444712294513582629124664897991689500916""]",Mirra Andreeva,2026-04-30,2026-05-07T09:00:00Z,2026-04-30
60,skatov ostapenkov,sports_fees_v2,1.0,2053377,atp-skatov-ostapen-2026-04-23,https://polymarket.com/event/atp-skatov-ostapen-2026-04-23,KXATPCHALLENGERMATCH-26APR23SKAOST-OST,KXATPCHALLENGERMATCH-26APR23SKAOST-SKA,https://kalshi.com/markets/KXATPCHALLENGERMATCH-26APR23SKAOST-OST,https://polymarket.com/event/atp-skatov-ostapen-2026-04-23,"[""Daniil Ostapenkov"", ""Timofey Skatov""]","[""39979959958672963892391326233098153430903371235219225191862368371533292219060"", ""77578941202149104439204979593145832156569513146064014703771379611297884352409""]",Daniil Ostapenkov,2026-04-30,2026-05-07T06:00:00Z,2026-04-30
61,swiatek snigur,sports_fees_v2,1.0,2053378,wta-swiatek-snigur-2026-04-23,https://polymarket.com/event/wta-swiatek-snigur-2026-04-23,KXWTAMATCH-26APR23SWISNI-SNI,KXWTAMATCH-26APR23SWISNI-SWI,https://kalshi.com/markets/KXWTAMATCH-26APR23SWISNI-SNI,https://polymarket.com/event/wta-swiatek-snigur-2026-04-23,"[""Daria Snigur"", ""Iga Swiatek""]","[""9053928967374451703397370235527280634096566495433604365486771002850800807482"", ""18450220041350220967609875255066059996001619041618436166017307042438258178987""]",Daria Snigur,2026-04-30,2026-05-07T11:00:00Z,2026-04-30
62,sels ghibaudo,sports_fees_v2,1.0,2053380,atp-sels-ghibaud-2026-04-23,https://polymarket.com/event/atp-sels-ghibaud-2026-04-23,KXATPCHALLENGERMATCH-26APR23SELGHI-GHI,KXATPCHALLENGERMATCH-26APR23SELGHI-SEL,https://kalshi.com/markets/KXATPCHALLENGERMATCH-26APR23SELGHI-GHI,https://polymarket.com/event/atp-sels-ghibaud-2026-04-23,"[""Antoine Ghibaudo"", ""Jelle Sels""]","[""42157922388810787714210764643891766526201720608273479927178677429667545312959"", ""55975052901136213661224703777356352081704467447047367252427888692983400338609""]",Antoine Ghibaudo,2026-04-30,2026-05-07T06:00:00Z,2026-04-30
63,galfi kalinskaya,sports_fees_v2,1.0,2053383,wta-galfi-kalinsk-2026-04-23,https://polymarket.com/event/wta-galfi-kalinsk-2026-04-23,KXWTAMATCH-26APR23GALKAL-KAL,KXWTAMATCH-26APR23GALKAL-GAL,https://kalshi.com/markets/KXWTAMATCH-26APR23GALKAL-KAL,https://polymarket.com/event/wta-galfi-kalinsk-2026-04-23,"[""Anna Kalinskaya"", ""Dalma Galfi""]","[""11310111973234954087278526300279245179868062797299881376846171192570657231392"", ""83935252288657796122765090817596983093938753379025513472235857980448871617097""]",Anna Kalinskaya,2026-04-30,2026-05-07T10:10:00Z,2026-04-30
64,blanch nedic,sports_fees_v2,1.0,2053390,atp-blan-nedic-2026-04-23,https://polymarket.com/event/atp-blan-nedic-2026-04-23,KXATPCHALLENGERMATCH-26APR23BLANED-NED,,https://kalshi.com/markets/KXATPCHALLENGERMATCH-26APR23BLANED-NED,https://polymarket.com/event/atp-blan-nedic-2026-04-23,"[""Andrej Nedic"", ""Dali Blanch""]","[""39740676998615926336627282919182421102427261622545303630319999502616009440554"", ""2922129250954939279140444040630072054025113900359930134024577671395883980992""]",Andrej Nedic,2026-04-30,2026-05-07T07:10:00Z,2026-04-30
65,starodubtseva cristian,sports_fees_v2,1.0,2053392,wta-starodu-cristia-2026-04-23,https://polymarket.com/event/wta-starodu-cristia-2026-04-23,KXWTAMATCH-26APR23STACRI-CRI,KXWTAMATCH-26APR23STACRI-STA,https://kalshi.com/markets/KXWTAMATCH-26APR23STACRI-CRI,https://polymarket.com/event/wta-starodu-cristia-2026-04-23,"[""Jaqueline Cristian"", ""Yulia Starodubtseva""]","[""111063952430213345740440648509227617152764315768376106986362558842433765285566"", ""74320097572856061619048671700258309715230593599138108685403490436312112770788""]",Jaqueline Cristian,2026-04-30,2026-05-07T09:00:00Z,2026-04-30
66,garin blockx,sports_fees_v2,1.0,2053395,atp-garin-blockx-2026-04-23,https://polymarket.com/event/atp-garin-blockx-2026-04-23,KXATPMATCH-26APR23GARBLO-BLO,,https://kalshi.com/markets/KXATPMATCH-26APR23GARBLO-BLO,https://polymarket.com/event/atp-garin-blockx-2026-04-23,"[""Alexander Blockx"", ""Cristian Garin""]","[""78659788976477915330804067385168976100799422242402728340169524323073820958697"", ""101959608055825652640614668753688625307806607813594585796281042475048615832866""]",Alexander Blockx,2026-04-30,2026-05-07T08:00:00Z,2026-04-30
67,bouzkova kalinina,sports_fees_v2,1.0,2053398,wta-bouzkov-kalinin-2026-04-23,https://polymarket.com/event/wta-bouzkov-kalinin-2026-04-23,KXWTAMATCH-26APR23BOUKAL-KAL,KXWTAMATCH-26APR23BOUKAL-BOU,https://kalshi.com/markets/KXWTAMATCH-26APR23BOUKAL-KAL,https://polymarket.com/event/wta-bouzkov-kalinin-2026-04-23,"[""Anhelina Kalinina"", ""Marie Bouzkova""]","[""48817298037652039647246279673700505324948398778574359005523542935400328569455"", ""6773404424505681335352311501133506418877789688014503836150051983632026155092""]",Anhelina Kalinina,2026-04-30,2026-05-07T11:20:00Z,2026-04-30
68,falcons team liquid,sports_fees_v2,1.0,2054026,dota2-liquid-flc-2026-04-23,https://polymarket.com/event/dota2-liquid-flc-2026-04-23,KXDOTA2GAME-26APR230900FLCLIQUID-FLC,KXDOTA2GAME-26APR230900FLCLIQUID-LIQUID,https://kalshi.com/markets/KXDOTA2GAME-26APR230900FLCLIQUID-FLC,https://polymarket.com/event/dota2-liquid-flc-2026-04-23,"[""Team Falcons"", ""Team Liquid""]","[""31022993160129007367197451444246522457392928757486426375858276016473108121858"", ""31246691664589831535526440647563540020395182720680012823810792831283096247392""]",Team Falcons,2026-04-23,2026-05-07T13:00:00Z,2026-04-23
69,stewart coulibaly,sports_fees_v2,0.95,2019102,atp-stewart-couliba-2026-04-21,https://polymarket.com/event/atp-stewart-couliba-2026-04-21,KXATPCHALLENGERMATCH-26APR22STECOU-COU,,https://kalshi.com/markets/KXATPCHALLENGERMATCH-26APR22STECOU-COU,https://polymarket.com/event/atp-stewart-couliba-2026-04-21,"[""Eliakim Coulibaly"", ""Hamish Stewart""]","[""108117676417963045890618308994113926690222578203039473340712814331040900308660"", ""43381892610471542794747706227201765365176539076151748703857319479560666969811""]",Eliakim Coulibaly,2026-04-28,2026-05-06T18:50:00Z,2026-04-28
70,linette jovic,sports_fees_v2,0.95,2044455,wta-linette-jovic-2026-04-22,https://polymarket.com/event/wta-linette-jovic-2026-04-22,KXWTAMATCH-26APR23LINJOV-JOV,KXWTAMATCH-26APR23LINJOV-LIN,https://kalshi.com/markets/KXWTAMATCH-26APR23LINJOV-JOV,https://polymarket.com/event/wta-linette-jovic-2026-04-22,"[""Iva Jovic"", ""Magda Linette""]","[""91752202041964531384717501124186214111305545340054001390157279811634634100711"", ""110284613997225310378668757075162701119327957799388395989897948797571759426511""]",Iva Jovic,2026-04-29,2026-05-07T09:00:00Z,2026-04-29
71,tiffon fatic,sports_fees_v2,0.95,2044490,atp-tiffon-fatic-2026-04-22,https://polymarket.com/event/atp-tiffon-fatic-2026-04-22,KXATPCHALLENGERMATCH-26APR23MARFAT-FAT,KXATPCHALLENGERMATCH-26APR23MARFAT-MAR,https://kalshi.com/markets/KXATPCHALLENGERMATCH-26APR23MARFAT-FAT,https://polymarket.com/event/atp-tiffon-fatic-2026-04-22,"[""Nerman Fatic"", ""Pol Martin Tiffon""]","[""27841126427217529504452409051261700428913160137985027058166716398477282407698"", ""75716182093290800462546893798070789637878471656914923389153881641054331328113""]",Nerman Fatic,2026-04-29,2026-05-07T09:00:00Z,2026-04-29
72,keys zhang,sports_fees_v2,0.95,2053421,wta-keys-zhang-2026-04-24,https://polymarket.com/event/wta-keys-zhang-2026-04-24,KXWTAMATCH-26APR23KEYZHA-KEY,KXWTAMATCH-26APR23KEYZHA-ZHA,https://kalshi.com/markets/KXWTAMATCH-26APR23KEYZHA-KEY,https://polymarket.com/event/wta-keys-zhang-2026-04-24,"[""Madison Keys"", ""Shuai Zhang""]","[""56927712362635580208223711116113487437722142948918137447137785222438433085370"", ""109893619471221428552811895974708981859287925948202445019304569584193180738343""]",Madison Keys,2026-05-01,2026-05-07T09:00:00Z,2026-05-01
73,sonmez bucsa,sports_fees_v2,0.95,2053433,wta-sonmez-bucsa-2026-04-24,https://polymarket.com/event/wta-sonmez-bucsa-2026-04-24,KXWTAMATCH-26APR23SONBUC-BUC,KXWTAMATCH-26APR23SONBUC-SON,https://kalshi.com/markets/KXWTAMATCH-26APR23SONBUC-BUC,https://polymarket.com/event/wta-sonmez-bucsa-2026-04-24,"[""Cristina Bucsa"", ""Zeynep Sonmez""]","[""14955307643782258489794400602388060529174217299491746347571446021510261861962"", ""14596654603399628322571781661629055342000955013678342100985318328757579493605""]",Cristina Bucsa,2026-05-01,2026-05-07T09:00:00Z,2026-05-01
74,ruse rybakina,sports_fees_v2,0.95,2053439,wta-ruse-rybakin-2026-04-24,https://polymarket.com/event/wta-ruse-rybakin-2026-04-24,KXWTAMATCH-26APR23RUSRYB-RYB,KXWTAMATCH-26APR23RUSRYB-RUS,https://kalshi.com/markets/KXWTAMATCH-26APR23RUSRYB-RYB,https://polymarket.com/event/wta-ruse-rybakin-2026-04-24,"[""Elena Rybakina"", ""Gabriela Ruse""]","[""28335809368173490912481533750198246141870588573272973423639704943081754390931"", ""52787978545557812361682373716665272791273001632447969340508775707494555719099""]",Elena Rybakina,2026-05-01,2026-05-07T09:00:00Z,2026-05-01
