sport,league,confidence,shared_teams,days_apart,poly_market_id,poly_title,poly_outcome,poly_teams,poly_date,poly_url,poly_slug,poly_event_url,poly_outcomes,poly_token_ids,expiry_poly_utc,resolution_time,kalshi_event_ticker,kalshi_market_id,kalshi_outcome,kalshi_title,kalshi_teams,kalshi_date,kalshi_url,expiry_kalshi_utc,kalshi_t2_ticker,kalshi_tie_ticker
Soccer,Premier League,high,brentford; fulham,0,negrisk_345312,brentford fulham,Brentford FC,Brentford; Fulham,2026-04-18,https://polymarket.com/event/epl-bre-ful-2026-04-18,epl-bre-ful-2026-04-18,https://polymarket.com/event/epl-bre-ful-2026-04-18,"[""Brentford FC"", ""Fulham FC"", ""Draw""]","[""83798226397145698479379275861467818331332983204139040035772702581785473816432"", ""36851383528271802484884843699901868962833946476459635815329312765468273455419"", ""56881593151358210294452551244429400887222581916401248685196329584860468024846"", ""103741318075365634369416449383979796187548215647814877404088917283068585257553"", ""95550651752380466568400870144145355972665794311539616018179422541291953456597"", ""94949661999065460699400915270507656700144053260332270720193320490809191578252""]",2026-04-18,2026-04-18,KXEPLGAME-26APR18BREFUL,KXEPLGAME-26APR18BREFUL-BRE,Brentford,Brentford vs Fulham Winner?,Brentford; Fulham,2026-04-18,https://kalshi.com/markets/KXEPLGAME-26APR18BREFUL-BRE,2026-05-02T11:30:00Z,KXEPLGAME-26APR18BREFUL-FUL,KXEPLGAME-26APR18BREFUL-TIE
Soccer,Premier League,high,leeds united; wolverhampton,0,negrisk_345317,leeds united wolverhampton,Leeds United FC,Leeds United; Wolverhampton,2026-04-18,https://polymarket.com/event/epl-lee-wol-2026-04-18,epl-lee-wol-2026-04-18,https://polymarket.com/event/epl-lee-wol-2026-04-18,"[""Leeds United FC"", ""Wolverhampton Wanderers FC"", ""Draw""]","[""81000600636926194636154978157443318585538703324212402564755885156341260634221"", ""32636556585691162581662490614091628992482268197258295572760109526694532717386"", ""31179246273052513508938407776201498820966172093457407517384114736164654765049"", ""43237379532081202620135131804819364629921951171221543308582601003229365113165"", ""18556766165963663301140788824666526294291424602111656192077887854521441718453"", ""79251734313161920585462688108571910272092286054949008590501712054190686447956""]",2026-04-18,2026-04-18,KXEPLGAME-26APR18LEEWOL,KXEPLGAME-26APR18LEEWOL-LEE,Leeds United,Leeds United vs Wolverhampton Winner?,Leeds United; Wolverhampton,2026-04-18,https://kalshi.com/markets/KXEPLGAME-26APR18LEEWOL-LEE,2026-05-02T14:00:00Z,KXEPLGAME-26APR18LEEWOL-WOL,KXEPLGAME-26APR18LEEWOL-TIE
Soccer,Ligue 1,high,lille; nice,0,negrisk_345321,lille nice,Lille OSC,Lille; Nice,2026-04-18,https://polymarket.com/event/fl1-lil-ogc-2026-04-18,fl1-lil-ogc-2026-04-18,https://polymarket.com/event/fl1-lil-ogc-2026-04-18,"[""Lille OSC"", ""OGC Nice"", ""Draw""]","[""13175123948957993929180688862319512373505020125114084777461089056727936848067"", ""44865525689948201041725968247078454192108366657531249963777499553136205498007"", ""110201265192430363619971475870981254776863129543017809780644573478904481715086"", ""108689882342287580352869981578656358130326241006272661835032241654392159154617"", ""93711076872592418676381991037457745534303551333754610710448610880486511918074"", ""37493758877033848147498802836154381845834379572009024308769072466897368642785""]",2026-04-18,2026-04-18,KXLIGUE1GAME-26APR18LILNIC,KXLIGUE1GAME-26APR18LILNIC-LIL,Lille,Lille vs Nice Winner?,Lille; Nice,2026-04-18,https://kalshi.com/markets/KXLIGUE1GAME-26APR18LILNIC-LIL,2026-05-02T19:05:00Z,KXLIGUE1GAME-26APR18LILNIC-NIC,KXLIGUE1GAME-26APR18LILNIC-TIE
Soccer,Premier League,high,chelsea; manchester united,0,negrisk_345335,chelsea manchester united,Chelsea FC,Chelsea; Manchester United,2026-04-18,https://polymarket.com/event/epl-che-mun-2026-04-18,epl-che-mun-2026-04-18,https://polymarket.com/event/epl-che-mun-2026-04-18,"[""Chelsea FC"", ""Manchester United FC"", ""Draw""]","[""28224086740198970851967836465526292675874655791534426123202162654811574258925"", ""70337906894747482516375442744517059956336275670078093290843222415811375502021"", ""105116041894820492460411424760696845571488436120196970814836965007392208824042"", ""41764946490425733179850469583091118290437200575887159942942756382930668961631"", ""14960366750849052997352019208270571549142169256546646424427045993148444687384"", ""78247813872851386685685815011393661016766408900912722366433540683629520856626""]",2026-04-18,2026-04-18,KXEPLGAME-26APR18CFCMUN,KXEPLGAME-26APR18CFCMUN-CFC,,Chelsea vs Manchester United Winner?,Chelsea; Manchester United,2026-04-18,https://kalshi.com/markets/KXEPLGAME-26APR18CFCMUN-CFC,2026-05-02T19:00:00Z,KXEPLGAME-26APR18CFCMUN-MUN,KXEPLGAME-26APR18CFCMUN-TIE
Soccer,Ligue 1,high,lille; nice,0,1872529,lille nice,Yes,Lille; Nice,2026-04-18,https://polymarket.com/event/fl1-lil-ogc-2026-04-18-btts,fl1-lil-ogc-2026-04-18-btts,https://polymarket.com/event/fl1-lil-ogc-2026-04-18-btts,"[""Yes"", ""No""]","[""81369098644504048858627968835099387546584894253767087336241974186716898979802"", ""83043745873099391422493722846733091644759325408485860734642177409354231235378""]",2026-04-18,2026-04-18,KXLIGUE1BTTS-26APR18LILNIC,KXLIGUE1BTTS-26APR18LILNIC,,Nice at Lille: Both Teams to Score,Nice; Lille,2026-04-18,https://kalshi.com/markets/KXLIGUE1BTTS-26APR18LILNIC,2026-05-02T19:05:00Z,,
Soccer,Bundesliga,high,union berlin; wolfsburg,0,1872532,union berlin wolfsburg,Yes,Union Berlin; Wolfsburg,2026-04-18,https://polymarket.com/event/bun-uni-wol-2026-04-18-btts,bun-uni-wol-2026-04-18-btts,https://polymarket.com/event/bun-uni-wol-2026-04-18-btts,"[""Yes"", ""No""]","[""108795519812990187682568896312960187810921137459991693370721028426841869341557"", ""4466473911675653031212475931957272933327948212161572197617463330922790387448""]",2026-04-18,2026-04-18,KXBUNDESLIGABTTS-26APR18UNIWOB,KXBUNDESLIGABTTS-26APR18UNIWOB,,Wolfsburg at Union Berlin: Both Teams to Score,Wolfsburg; Union Berlin,2026-04-18,https://kalshi.com/markets/KXBUNDESLIGABTTS-26APR18UNIWOB,2026-05-02T13:30:00Z,,
Soccer,Premier League,high,chelsea; manchester united,0,1872535,chelsea manchester united,Yes,Chelsea; Manchester United,2026-04-18,https://polymarket.com/event/epl-che-mun-2026-04-18-btts,epl-che-mun-2026-04-18-btts,https://polymarket.com/event/epl-che-mun-2026-04-18-btts,"[""Yes"", ""No""]","[""81850145598907047875614909413491243343928198234050498022356231653171108098874"", ""54724469826134838342867948678337174932462304054892889523065655453602637068733""]",2026-04-18,2026-04-18,KXEPLBTTS-26APR18CFCMUN,KXEPLBTTS-26APR18CFCMUN,,Manchester United at Chelsea: Both Teams to Score,Manchester United; Chelsea,2026-04-18,https://kalshi.com/markets/KXEPLBTTS-26APR18CFCMUN,2026-05-02T19:00:00Z,,
Soccer,Bundesliga,high,augsburg; bayer leverkusen,0,1872563,bayer leverkusen augsburg,Yes,Bayer Leverkusen; Augsburg,2026-04-18,https://polymarket.com/event/bun-b04-aug-2026-04-18-btts,bun-b04-aug-2026-04-18-btts,https://polymarket.com/event/bun-b04-aug-2026-04-18-btts,"[""Yes"", ""No""]","[""102195888732928620353850064704419426894667091176575778003762967523875226487844"", ""59429289658005418336536623556132235172054988565797782790284443883264073646207""]",2026-04-18,2026-04-18,KXBUNDESLIGABTTS-26APR18LEVFCA,KXBUNDESLIGABTTS-26APR18LEVFCA,,Augsburg at Leverkusen: Both Teams to Score,Augsburg; Bayer Leverkusen,2026-04-18,https://kalshi.com/markets/KXBUNDESLIGABTTS-26APR18LEVFCA,2026-05-02T13:30:00Z,,
Soccer,Ligue 1,high,angers; le havre,0,1872564,angers le havre,Yes,Angers; Le Havre,2026-04-18,https://polymarket.com/event/fl1-ang-hac-2026-04-18-btts,fl1-ang-hac-2026-04-18-btts,https://polymarket.com/event/fl1-ang-hac-2026-04-18-btts,"[""Yes"", ""No""]","[""99577097457810246829545935805094411828374234605188241095123359802259668407846"", ""79931987888967103474270344570053261170168581992077011626392470520629689496985""]",2026-04-18,2026-04-18,KXLIGUE1BTTS-26APR18ANGHAC,KXLIGUE1BTTS-26APR18ANGHAC,,Le Havre at Angers: Both Teams to Score,Le Havre; Angers,2026-04-18,https://kalshi.com/markets/KXLIGUE1BTTS-26APR18ANGHAC,2026-05-02T17:00:00Z,,
Soccer,Premier League,high,leeds united; wolverhampton,0,1872664,leeds united wolverhampton,Yes,Leeds United; Wolverhampton,2026-04-18,https://polymarket.com/event/epl-lee-wol-2026-04-18-btts,epl-lee-wol-2026-04-18-btts,https://polymarket.com/event/epl-lee-wol-2026-04-18-btts,"[""Yes"", ""No""]","[""69937933090145108124992886638288777520525470159854630690488685875063515730924"", ""32150604733339675800756226672588857880054067816582059832524294018094782703850""]",2026-04-18,2026-04-18,KXEPLBTTS-26APR18LEEWOL,KXEPLBTTS-26APR18LEEWOL,,Wolverhampton at Leeds United: Both Teams to Score,Wolverhampton; Leeds United,2026-04-18,https://kalshi.com/markets/KXEPLBTTS-26APR18LEEWOL,2026-05-02T14:00:00Z,,
Soccer,Premier League,high,brentford; fulham,0,1872701,brentford fulham,Yes,Brentford; Fulham,2026-04-18,https://polymarket.com/event/epl-bre-ful-2026-04-18-btts,epl-bre-ful-2026-04-18-btts,https://polymarket.com/event/epl-bre-ful-2026-04-18-btts,"[""Yes"", ""No""]","[""91502353245140577395779959771045488217334875493680939488756659692946688118168"", ""105826761827963405772733531293524314696120752283142437571147536869620459348115""]",2026-04-18,2026-04-18,KXEPLBTTS-26APR18BREFUL,KXEPLBTTS-26APR18BREFUL,,Fulham at Brentford: Both Teams to Score,Fulham; Brentford,2026-04-18,https://kalshi.com/markets/KXEPLBTTS-26APR18BREFUL,2026-05-02T11:30:00Z,,
Esports,LoL,high,jd gaming; weibo gaming,0,1935678,jd gaming weibo gaming,JD Gaming,JD Gaming; Weibo Gaming,2026-04-18,https://polymarket.com/event/lol-wb-jdg-2026-04-18,lol-wb-jdg-2026-04-18,https://polymarket.com/event/lol-wb-jdg-2026-04-18,"[""JD Gaming"", ""Weibo Gaming""]","[""97369217440676629299033681443917341980874956787041357469896825624937501771398"", ""62224239131664222378664168119871222230528190885379325571582109058922935339958""]",2026-04-18,2026-04-18,KXLOLGAME-26APR180700JDGWB,KXLOLGAME-26APR180700JDGWB-JDG,JD Gaming,Will JD Gaming win the JD Gaming vs. Weibo Gaming League of Legends match?,JD Gaming; Weibo Gaming,2026-04-18,https://kalshi.com/markets/KXLOLGAME-26APR180700JDGWB-JDG,2026-05-02T11:00:00Z,,
Esports,LoL,high,jd gaming; weibo gaming,0,1935678,weibo gaming jd gaming,Weibo Gaming,Weibo Gaming; JD Gaming,2026-04-18,https://polymarket.com/event/lol-wb-jdg-2026-04-18,lol-wb-jdg-2026-04-18,https://polymarket.com/event/lol-wb-jdg-2026-04-18,"[""Weibo Gaming"", ""JD Gaming""]","[""62224239131664222378664168119871222230528190885379325571582109058922935339958"", ""97369217440676629299033681443917341980874956787041357469896825624937501771398""]",2026-04-18,2026-04-18,KXLOLMAP-26APR180700JDGWB-1,KXLOLMAP-26APR180700JDGWB-1-WB,Weibo Gaming,Will Weibo Gaming win map 1 in the JD Gaming vs. Weibo Gaming match?,JD Gaming; Weibo Gaming,2026-04-18,https://kalshi.com/markets/KXLOLMAP-26APR180700JDGWB-1-WB,2026-05-02T11:00:00Z,,
Cricket,IPL,high,gujarat titans; kolkata knight riders,0,negrisk_364726,gujarat titans kolkata knight riders,GUJ,Gujarat Titans; Kolkata Knight Riders,2026-04-17,https://polymarket.com/event/cricipl-guj-kol-2026-04-17-toss-match-double,cricipl-guj-kol-2026-04-17-toss-match-double,https://polymarket.com/event/cricipl-guj-kol-2026-04-17-toss-match-double,"[""GUJ"", ""KOL"", ""Draw""]","[""70083996444277978507280556774170565849851347243354378753738377385647814490608"", ""50994113975369629671164939324284352447257393603198348965419082378995326315028"", ""73855512144030986931703368251114486397142569110814219120584770186122357906332"", ""28509269986357150047954491135855588556422456018149177718467379420240033538435"", ""82096017495748487882474514702541765428419816455100929046035276578690916891592"", ""72768394101341222591787935401521038040724891806680857232991996871286114944869""]",2026-04-24,2026-04-24,KXIPLGAME-26APR17KKRGT,KXIPLGAME-26APR17KKRGT-GT,,Gujarat Titans vs Kolkata Knight Riders Winner?,Gujarat Titans; Kolkata Knight Riders,2026-04-17,https://kalshi.com/markets/KXIPLGAME-26APR17KKRGT-GT,2026-04-20T14:00:00Z,,
Baseball,KBO,high,doosan bears; kia tigers,0,1958035,doosan bears kia tigers,Doosan Bears,Doosan Bears; Kia Tigers,2026-04-18,https://polymarket.com/event/kbo-kia-doo-2026-04-18,kbo-kia-doo-2026-04-18,https://polymarket.com/event/kbo-kia-doo-2026-04-18,"[""Doosan Bears"", ""Kia Tigers""]","[""91421122714883459474114926837624967661611506064055443911427191906496290560815"", ""37424088146473211112402530723917440276002195356418616835024538624152172139688""]",2026-04-25,2026-04-25,KXKBOGAME-26APR180400KIADOO,KXKBOGAME-26APR180400KIADOO-DOO,Doosan Bears,Kia Tigers vs Doosan Bears winner?,Kia Tigers; Doosan Bears,2026-04-18,https://kalshi.com/markets/KXKBOGAME-26APR180400KIADOO-DOO,2026-04-21T08:00:00Z,,
Baseball,KBO,high,doosan bears; kia tigers,0,1958035,kia tigers doosan bears,Kia Tigers,Kia Tigers; Doosan Bears,2026-04-18,https://polymarket.com/event/kbo-kia-doo-2026-04-18,kbo-kia-doo-2026-04-18,https://polymarket.com/event/kbo-kia-doo-2026-04-18,"[""Kia Tigers"", ""Doosan Bears""]","[""37424088146473211112402530723917440276002195356418616835024538624152172139688"", ""91421122714883459474114926837624967661611506064055443911427191906496290560815""]",2026-04-25,2026-04-25,KXKBOGAME-26APR180400KIADOO,KXKBOGAME-26APR180400KIADOO-KIA,Kia Tigers,Kia Tigers vs Doosan Bears winner?,Kia Tigers; Doosan Bears,2026-04-18,https://kalshi.com/markets/KXKBOGAME-26APR180400KIADOO-KIA,2026-04-21T08:00:00Z,,
Baseball,KBO,high,hanwha eagles; lotte giants,0,1946704,hanwha eagles lotte giants,Hanwha Eagles,Hanwha Eagles; Lotte Giants,2026-04-17,https://polymarket.com/event/kbo-han-lot-2026-04-17,kbo-han-lot-2026-04-17,https://polymarket.com/event/kbo-han-lot-2026-04-17,"[""Hanwha Eagles"", ""Lotte Giants""]","[""110386678838740406343639115867405979834068188990239719268747569321239587202156"", ""31848936136888444092532112928429722345867014878589018472084320539489860656351""]",2026-04-24,2026-04-24,KXKBOGAME-26APR170530HANLOT,KXKBOGAME-26APR170530HANLOT-HAN,Hanwha Eagles,Hanwha Eagles vs Lotte Giants winner?,Hanwha Eagles; Lotte Giants,2026-04-17,https://kalshi.com/markets/KXKBOGAME-26APR170530HANLOT-HAN,2026-04-20T14:00:00Z,,
Baseball,KBO,high,hanwha eagles; lotte giants,0,1946704,lotte giants hanwha eagles,Lotte Giants,Lotte Giants; Hanwha Eagles,2026-04-17,https://polymarket.com/event/kbo-han-lot-2026-04-17,kbo-han-lot-2026-04-17,https://polymarket.com/event/kbo-han-lot-2026-04-17,"[""Lotte Giants"", ""Hanwha Eagles""]","[""31848936136888444092532112928429722345867014878589018472084320539489860656351"", ""110386678838740406343639115867405979834068188990239719268747569321239587202156""]",2026-04-24,2026-04-24,KXKBOGAME-26APR170530HANLOT,KXKBOGAME-26APR170530HANLOT-LOT,Lotte Giants,Hanwha Eagles vs Lotte Giants winner?,Hanwha Eagles; Lotte Giants,2026-04-17,https://kalshi.com/markets/KXKBOGAME-26APR170530HANLOT-LOT,2026-04-20T14:00:00Z,,
Baseball,KBO,high,hanwha eagles; lotte giants,0,1958036,hanwha eagles lotte giants,Hanwha Eagles,Hanwha Eagles; Lotte Giants,2026-04-18,https://polymarket.com/event/kbo-han-lot-2026-04-18,kbo-han-lot-2026-04-18,https://polymarket.com/event/kbo-han-lot-2026-04-18,"[""Hanwha Eagles"", ""Lotte Giants""]","[""70803235682612048985327286729605303652442179194057067281802726950819329471911"", ""34408964803357230859789764461385826108747311729841203271811350991582302194177""]",2026-04-25,2026-04-25,KXKBOGAME-26APR180400HANLOT,KXKBOGAME-26APR180400HANLOT-HAN,Hanwha Eagles,Hanwha Eagles vs Lotte Giants winner?,Hanwha Eagles; Lotte Giants,2026-04-18,https://kalshi.com/markets/KXKBOGAME-26APR180400HANLOT-HAN,2026-04-21T08:00:00Z,,
Baseball,KBO,high,hanwha eagles; lotte giants,0,1958036,lotte giants hanwha eagles,Lotte Giants,Lotte Giants; Hanwha Eagles,2026-04-18,https://polymarket.com/event/kbo-han-lot-2026-04-18,kbo-han-lot-2026-04-18,https://polymarket.com/event/kbo-han-lot-2026-04-18,"[""Lotte Giants"", ""Hanwha Eagles""]","[""34408964803357230859789764461385826108747311729841203271811350991582302194177"", ""70803235682612048985327286729605303652442179194057067281802726950819329471911""]",2026-04-25,2026-04-25,KXKBOGAME-26APR180400HANLOT,KXKBOGAME-26APR180400HANLOT-LOT,Lotte Giants,Hanwha Eagles vs Lotte Giants winner?,Hanwha Eagles; Lotte Giants,2026-04-18,https://kalshi.com/markets/KXKBOGAME-26APR180400HANLOT-LOT,2026-04-21T08:00:00Z,,
Baseball,KBO,high,lg twins; samsung lions,0,1946705,lg twins samsung lions,LG Twins,LG Twins; Samsung Lions,2026-04-17,https://polymarket.com/event/kbo-lg-sam-2026-04-17,kbo-lg-sam-2026-04-17,https://polymarket.com/event/kbo-lg-sam-2026-04-17,"[""LG Twins"", ""Samsung Lions""]","[""73264274384275183970194089567930647186186078748652915800211281519357908699020"", ""5453055127928413664776272888393424837129102193312225175994504522471149136031""]",2026-04-24,2026-04-24,KXKBOGAME-26APR170530LGSAM,KXKBOGAME-26APR170530LGSAM-LG,LG Twins,LG Twins vs Samsung Lions winner?,LG Twins; Samsung Lions,2026-04-17,https://kalshi.com/markets/KXKBOGAME-26APR170530LGSAM-LG,2026-04-20T14:00:00Z,,
Baseball,KBO,high,lg twins; samsung lions,0,1946705,samsung lions lg twins,Samsung Lions,Samsung Lions; LG Twins,2026-04-17,https://polymarket.com/event/kbo-lg-sam-2026-04-17,kbo-lg-sam-2026-04-17,https://polymarket.com/event/kbo-lg-sam-2026-04-17,"[""Samsung Lions"", ""LG Twins""]","[""5453055127928413664776272888393424837129102193312225175994504522471149136031"", ""73264274384275183970194089567930647186186078748652915800211281519357908699020""]",2026-04-24,2026-04-24,KXKBOGAME-26APR170530LGSAM,KXKBOGAME-26APR170530LGSAM-SAM,Samsung Lions,LG Twins vs Samsung Lions winner?,LG Twins; Samsung Lions,2026-04-17,https://kalshi.com/markets/KXKBOGAME-26APR170530LGSAM-SAM,2026-04-20T14:00:00Z,,
Baseball,KBO,high,lg twins; samsung lions,0,1958034,lg twins samsung lions,LG Twins,LG Twins; Samsung Lions,2026-04-18,https://polymarket.com/event/kbo-lg-sam-2026-04-18,kbo-lg-sam-2026-04-18,https://polymarket.com/event/kbo-lg-sam-2026-04-18,"[""LG Twins"", ""Samsung Lions""]","[""4157076370003073897563866011152047519385291666621370148069010241861264595064"", ""108357681521970380956895003400648601204461196557945495824081142845503661911361""]",2026-04-25,2026-04-25,KXKBOGAME-26APR180100LGSAM,KXKBOGAME-26APR180100LGSAM-LG,LG Twins,LG Twins vs Samsung Lions winner?,LG Twins; Samsung Lions,2026-04-18,https://kalshi.com/markets/KXKBOGAME-26APR180100LGSAM-LG,2026-04-21T05:00:00Z,,
Baseball,KBO,high,lg twins; samsung lions,0,1958034,samsung lions lg twins,Samsung Lions,Samsung Lions; LG Twins,2026-04-18,https://polymarket.com/event/kbo-lg-sam-2026-04-18,kbo-lg-sam-2026-04-18,https://polymarket.com/event/kbo-lg-sam-2026-04-18,"[""Samsung Lions"", ""LG Twins""]","[""108357681521970380956895003400648601204461196557945495824081142845503661911361"", ""4157076370003073897563866011152047519385291666621370148069010241861264595064""]",2026-04-25,2026-04-25,KXKBOGAME-26APR180100LGSAM,KXKBOGAME-26APR180100LGSAM-SAM,Samsung Lions,LG Twins vs Samsung Lions winner?,LG Twins; Samsung Lions,2026-04-18,https://kalshi.com/markets/KXKBOGAME-26APR180100LGSAM-SAM,2026-04-21T05:00:00Z,,
Baseball,KBO,high,nc dinos; ssg landers,0,1946706,nc dinos ssg landers,NC Dinos,NC Dinos; SSG Landers,2026-04-17,https://polymarket.com/event/kbo-ssg-nc-2026-04-17,kbo-ssg-nc-2026-04-17,https://polymarket.com/event/kbo-ssg-nc-2026-04-17,"[""NC Dinos"", ""SSG Landers""]","[""93699083474463064735260371044594096503340581553612282130765837626865728276417"", ""32583251748804599110085615021093199795647478591784664506395928985289303903771""]",2026-04-24,2026-04-24,KXKBOGAME-26APR170530SSGNCD,KXKBOGAME-26APR170530SSGNCD-NCD,NC Dinos,SSG Landers vs NC Dinos winner?,SSG Landers; NC Dinos,2026-04-17,https://kalshi.com/markets/KXKBOGAME-26APR170530SSGNCD-NCD,2026-04-20T14:00:00Z,,
Baseball,KBO,high,nc dinos; ssg landers,0,1946706,ssg landers nc dinos,SSG Landers,SSG Landers; NC Dinos,2026-04-17,https://polymarket.com/event/kbo-ssg-nc-2026-04-17,kbo-ssg-nc-2026-04-17,https://polymarket.com/event/kbo-ssg-nc-2026-04-17,"[""SSG Landers"", ""NC Dinos""]","[""32583251748804599110085615021093199795647478591784664506395928985289303903771"", ""93699083474463064735260371044594096503340581553612282130765837626865728276417""]",2026-04-24,2026-04-24,KXKBOGAME-26APR170530SSGNCD,KXKBOGAME-26APR170530SSGNCD-SSG,SSG Landers,SSG Landers vs NC Dinos winner?,SSG Landers; NC Dinos,2026-04-17,https://kalshi.com/markets/KXKBOGAME-26APR170530SSGNCD-SSG,2026-04-20T14:00:00Z,,
Baseball,KBO,high,nc dinos; ssg landers,0,1958037,nc dinos ssg landers,NC Dinos,NC Dinos; SSG Landers,2026-04-18,https://polymarket.com/event/kbo-ssg-nc-2026-04-18,kbo-ssg-nc-2026-04-18,https://polymarket.com/event/kbo-ssg-nc-2026-04-18,"[""NC Dinos"", ""SSG Landers""]","[""88680599681123314291951479548616276060618585881455090108456948698532016660127"", ""41075861864383999555332198006182953572865698271387348548495904454865555879736""]",2026-04-25,2026-04-25,KXKBOGAME-26APR180400SSGNCD,KXKBOGAME-26APR180400SSGNCD-NCD,NC Dinos,SSG Landers vs NC Dinos winner?,SSG Landers; NC Dinos,2026-04-18,https://kalshi.com/markets/KXKBOGAME-26APR180400SSGNCD-NCD,2026-04-21T08:00:00Z,,
Baseball,KBO,high,nc dinos; ssg landers,0,1958037,ssg landers nc dinos,SSG Landers,SSG Landers; NC Dinos,2026-04-18,https://polymarket.com/event/kbo-ssg-nc-2026-04-18,kbo-ssg-nc-2026-04-18,https://polymarket.com/event/kbo-ssg-nc-2026-04-18,"[""SSG Landers"", ""NC Dinos""]","[""41075861864383999555332198006182953572865698271387348548495904454865555879736"", ""88680599681123314291951479548616276060618585881455090108456948698532016660127""]",2026-04-25,2026-04-25,KXKBOGAME-26APR180400SSGNCD,KXKBOGAME-26APR180400SSGNCD-SSG,SSG Landers,SSG Landers vs NC Dinos winner?,SSG Landers; NC Dinos,2026-04-18,https://kalshi.com/markets/KXKBOGAME-26APR180400SSGNCD-SSG,2026-04-21T08:00:00Z,,
Baseball,MLB,high,cubs; mets,0,1946758,cubs mets,Chicago Cubs,Cubs; Mets,2026-04-17,https://polymarket.com/event/mlb-nym-chc-2026-04-17,mlb-nym-chc-2026-04-17,https://polymarket.com/event/mlb-nym-chc-2026-04-17,"[""Chicago Cubs"", ""New York Mets""]","[""58348072330782956549129058539279159068300507306318511384859969998021699400593"", ""74565034912220928681209180214340169962168318496648746492037064102004237400014""]",2026-04-24,2026-04-24,KXMLBGAME-26APR171420NYMCHC,KXMLBGAME-26APR171420NYMCHC-CHC,Cubs,New York M vs Chicago C Winner?,Mets; Cubs,2026-04-17,https://kalshi.com/markets/KXMLBGAME-26APR171420NYMCHC-CHC,2026-04-20T14:00:00Z,,
Baseball,MLB,high,cubs; mets,0,1946758,mets cubs,New York Mets,Mets; Cubs,2026-04-17,https://polymarket.com/event/mlb-nym-chc-2026-04-17,mlb-nym-chc-2026-04-17,https://polymarket.com/event/mlb-nym-chc-2026-04-17,"[""New York Mets"", ""Chicago Cubs""]","[""74565034912220928681209180214340169962168318496648746492037064102004237400014"", ""58348072330782956549129058539279159068300507306318511384859969998021699400593""]",2026-04-24,2026-04-24,KXMLBGAME-26APR171420NYMCHC,KXMLBGAME-26APR171420NYMCHC-NYM,Mets,New York M vs Chicago C Winner?,Mets; Cubs,2026-04-17,https://kalshi.com/markets/KXMLBGAME-26APR171420NYMCHC-NYM,2026-04-20T14:00:00Z,,
Baseball,MLB,high,cubs; mets,0,1958047,cubs mets,Chicago Cubs,Cubs; Mets,2026-04-18,https://polymarket.com/event/mlb-nym-chc-2026-04-18,mlb-nym-chc-2026-04-18,https://polymarket.com/event/mlb-nym-chc-2026-04-18,"[""Chicago Cubs"", ""New York Mets""]","[""60967612972327772035005776129837017797273151786396677282064515645084178092689"", ""81248634727649318467591272713257103445008070657417302817553476645084401512017""]",2026-04-25,2026-04-25,KXMLBGAME-26APR181420NYMCHC,KXMLBGAME-26APR181420NYMCHC-CHC,Cubs,New York M vs Chicago C Winner?,Mets; Cubs,2026-04-18,https://kalshi.com/markets/KXMLBGAME-26APR181420NYMCHC-CHC,2026-04-21T18:20:00Z,,
Baseball,MLB,high,cubs; mets,0,1958047,mets cubs,New York Mets,Mets; Cubs,2026-04-18,https://polymarket.com/event/mlb-nym-chc-2026-04-18,mlb-nym-chc-2026-04-18,https://polymarket.com/event/mlb-nym-chc-2026-04-18,"[""New York Mets"", ""Chicago Cubs""]","[""81248634727649318467591272713257103445008070657417302817553476645084401512017"", ""60967612972327772035005776129837017797273151786396677282064515645084178092689""]",2026-04-25,2026-04-25,KXMLBGAME-26APR181420NYMCHC,KXMLBGAME-26APR181420NYMCHC-NYM,Mets,New York M vs Chicago C Winner?,Mets; Cubs,2026-04-18,https://kalshi.com/markets/KXMLBGAME-26APR181420NYMCHC-NYM,2026-04-21T18:20:00Z,,
Baseball,MLB,high,guardians; orioles,0,1946760,orioles guardians,Baltimore Orioles,Orioles; Guardians,2026-04-17,https://polymarket.com/event/mlb-bal-cle-2026-04-17,mlb-bal-cle-2026-04-17,https://polymarket.com/event/mlb-bal-cle-2026-04-17,"[""Baltimore Orioles"", ""Cleveland Guardians""]","[""37859260822464119482127655568413343779129503910012975438989702658649786301229"", ""57743240512314636121732343826236013818155841123291370582144875914297721408288""]",2026-04-24,2026-04-24,KXMLBGAME-26APR171810BALCLE,KXMLBGAME-26APR171810BALCLE-BAL,Orioles,Baltimore vs Cleveland Winner?,Orioles; Guardians,2026-04-17,https://kalshi.com/markets/KXMLBGAME-26APR171810BALCLE-BAL,2026-04-20T14:00:00Z,,
Baseball,MLB,high,guardians; orioles,0,1946760,guardians orioles,Cleveland Guardians,Guardians; Orioles,2026-04-17,https://polymarket.com/event/mlb-bal-cle-2026-04-17,mlb-bal-cle-2026-04-17,https://polymarket.com/event/mlb-bal-cle-2026-04-17,"[""Cleveland Guardians"", ""Baltimore Orioles""]","[""57743240512314636121732343826236013818155841123291370582144875914297721408288"", ""37859260822464119482127655568413343779129503910012975438989702658649786301229""]",2026-04-24,2026-04-24,KXMLBGAME-26APR171810BALCLE,KXMLBGAME-26APR171810BALCLE-CLE,Guardians,Baltimore vs Cleveland Winner?,Orioles; Guardians,2026-04-17,https://kalshi.com/markets/KXMLBGAME-26APR171810BALCLE-CLE,2026-04-20T14:00:00Z,,
Baseball,MLB,high,guardians; orioles,0,1958061,orioles guardians,Baltimore Orioles,Orioles; Guardians,2026-04-18,https://polymarket.com/event/mlb-bal-cle-2026-04-18,mlb-bal-cle-2026-04-18,https://polymarket.com/event/mlb-bal-cle-2026-04-18,"[""Baltimore Orioles"", ""Cleveland Guardians""]","[""54652682609167019124819623196549657968051398574918764820492380670795351050409"", ""66512124158173370710495864083295477080748226024869463773781135407344466557186""]",2026-04-25,2026-04-25,KXMLBGAME-26APR181810BALCLE,KXMLBGAME-26APR181810BALCLE-BAL,Orioles,Baltimore vs Cleveland Winner?,Orioles; Guardians,2026-04-18,https://kalshi.com/markets/KXMLBGAME-26APR181810BALCLE-BAL,2026-04-21T22:10:00Z,,
Baseball,MLB,high,guardians; orioles,0,1958061,guardians orioles,Cleveland Guardians,Guardians; Orioles,2026-04-18,https://polymarket.com/event/mlb-bal-cle-2026-04-18,mlb-bal-cle-2026-04-18,https://polymarket.com/event/mlb-bal-cle-2026-04-18,"[""Cleveland Guardians"", ""Baltimore Orioles""]","[""66512124158173370710495864083295477080748226024869463773781135407344466557186"", ""54652682609167019124819623196549657968051398574918764820492380670795351050409""]",2026-04-25,2026-04-25,KXMLBGAME-26APR181810BALCLE,KXMLBGAME-26APR181810BALCLE-CLE,Guardians,Baltimore vs Cleveland Winner?,Orioles; Guardians,2026-04-18,https://kalshi.com/markets/KXMLBGAME-26APR181810BALCLE-CLE,2026-04-21T22:10:00Z,,
Baseball,MLB,high,braves; phillies,0,1946763,braves phillies,Atlanta Braves,Braves; Phillies,2026-04-17,https://polymarket.com/event/mlb-atl-phi-2026-04-17,mlb-atl-phi-2026-04-17,https://polymarket.com/event/mlb-atl-phi-2026-04-17,"[""Atlanta Braves"", ""Philadelphia Phillies""]","[""50616872541920603433884460284719684864747679304436856188500328292452712898715"", ""66564443537429229569753839224040873600473151425226867715270703271408412449945""]",2026-04-24,2026-04-24,KXMLBGAME-26APR171840ATLPHI,KXMLBGAME-26APR171840ATLPHI-ATL,Braves,Atlanta vs Philadelphia Winner?,Braves; Phillies,2026-04-17,https://kalshi.com/markets/KXMLBGAME-26APR171840ATLPHI-ATL,2026-04-20T22:40:00Z,,
Baseball,MLB,high,braves; phillies,0,1946763,phillies braves,Philadelphia Phillies,Phillies; Braves,2026-04-17,https://polymarket.com/event/mlb-atl-phi-2026-04-17,mlb-atl-phi-2026-04-17,https://polymarket.com/event/mlb-atl-phi-2026-04-17,"[""Philadelphia Phillies"", ""Atlanta Braves""]","[""66564443537429229569753839224040873600473151425226867715270703271408412449945"", ""50616872541920603433884460284719684864747679304436856188500328292452712898715""]",2026-04-24,2026-04-24,KXMLBGAME-26APR171840ATLPHI,KXMLBGAME-26APR171840ATLPHI-PHI,Phillies,Atlanta vs Philadelphia Winner?,Braves; Phillies,2026-04-17,https://kalshi.com/markets/KXMLBGAME-26APR171840ATLPHI-PHI,2026-04-20T22:40:00Z,,
Baseball,MLB,high,braves; phillies,0,1958065,braves phillies,Atlanta Braves,Braves; Phillies,2026-04-18,https://polymarket.com/event/mlb-atl-phi-2026-04-18,mlb-atl-phi-2026-04-18,https://polymarket.com/event/mlb-atl-phi-2026-04-18,"[""Atlanta Braves"", ""Philadelphia Phillies""]","[""2579633734462012670569764058222906220539469894917994315891180875599128522208"", ""70763411542607647084484513110563017985499294675754331771631318918294383925240""]",2026-04-25,2026-04-25,KXMLBGAME-26APR181915ATLPHI,KXMLBGAME-26APR181915ATLPHI-ATL,Braves,Atlanta vs Philadelphia Winner?,Braves; Phillies,2026-04-18,https://kalshi.com/markets/KXMLBGAME-26APR181915ATLPHI-ATL,2026-04-21T23:15:00Z,,
Baseball,MLB,high,braves; phillies,0,1958065,phillies braves,Philadelphia Phillies,Phillies; Braves,2026-04-18,https://polymarket.com/event/mlb-atl-phi-2026-04-18,mlb-atl-phi-2026-04-18,https://polymarket.com/event/mlb-atl-phi-2026-04-18,"[""Philadelphia Phillies"", ""Atlanta Braves""]","[""70763411542607647084484513110563017985499294675754331771631318918294383925240"", ""2579633734462012670569764058222906220539469894917994315891180875599128522208""]",2026-04-25,2026-04-25,KXMLBGAME-26APR181915ATLPHI,KXMLBGAME-26APR181915ATLPHI-PHI,Phillies,Atlanta vs Philadelphia Winner?,Braves; Phillies,2026-04-18,https://kalshi.com/markets/KXMLBGAME-26APR181915ATLPHI-PHI,2026-04-21T23:15:00Z,,
Baseball,MLB,high,pirates; rays,0,1946765,pirates rays,Pittsburgh Pirates,Pirates; Rays,2026-04-17,https://polymarket.com/event/mlb-tb-pit-2026-04-17,mlb-tb-pit-2026-04-17,https://polymarket.com/event/mlb-tb-pit-2026-04-17,"[""Pittsburgh Pirates"", ""Tampa Bay Rays""]","[""10488071378360093041613321259498273509372883492526890046998066783600914405391"", ""16977386317609225377286109761455926298308246103210527900453384651286705468687""]",2026-04-24,2026-04-24,KXMLBGAME-26APR171845TBPIT,KXMLBGAME-26APR171845TBPIT-PIT,Pirates,Tampa Bay vs Pittsburgh Winner?,Rays; Pirates,2026-04-17,https://kalshi.com/markets/KXMLBGAME-26APR171845TBPIT-PIT,2026-04-20T22:45:00Z,,
Baseball,MLB,high,pirates; rays,0,1946765,rays pirates,Tampa Bay Rays,Rays; Pirates,2026-04-17,https://polymarket.com/event/mlb-tb-pit-2026-04-17,mlb-tb-pit-2026-04-17,https://polymarket.com/event/mlb-tb-pit-2026-04-17,"[""Tampa Bay Rays"", ""Pittsburgh Pirates""]","[""16977386317609225377286109761455926298308246103210527900453384651286705468687"", ""10488071378360093041613321259498273509372883492526890046998066783600914405391""]",2026-04-24,2026-04-24,KXMLBGAME-26APR171845TBPIT,KXMLBGAME-26APR171845TBPIT-TB,Rays,Tampa Bay vs Pittsburgh Winner?,Rays; Pirates,2026-04-17,https://kalshi.com/markets/KXMLBGAME-26APR171845TBPIT-TB,2026-04-20T22:45:00Z,,
Baseball,MLB,high,pirates; rays,0,1958052,pirates rays,Pittsburgh Pirates,Pirates; Rays,2026-04-18,https://polymarket.com/event/mlb-tb-pit-2026-04-18,mlb-tb-pit-2026-04-18,https://polymarket.com/event/mlb-tb-pit-2026-04-18,"[""Pittsburgh Pirates"", ""Tampa Bay Rays""]","[""101785027994903056655960806921296127920247085037289401083487152961939171420261"", ""100730930487759836377945880643604124349386996958455081414791416190189672729586""]",2026-04-25,2026-04-25,KXMLBGAME-26APR181605TBPIT,KXMLBGAME-26APR181605TBPIT-PIT,Pirates,Tampa Bay vs Pittsburgh Winner?,Rays; Pirates,2026-04-18,https://kalshi.com/markets/KXMLBGAME-26APR181605TBPIT-PIT,2026-04-21T20:05:00Z,,
Baseball,MLB,high,pirates; rays,0,1958052,rays pirates,Tampa Bay Rays,Rays; Pirates,2026-04-18,https://polymarket.com/event/mlb-tb-pit-2026-04-18,mlb-tb-pit-2026-04-18,https://polymarket.com/event/mlb-tb-pit-2026-04-18,"[""Tampa Bay Rays"", ""Pittsburgh Pirates""]","[""100730930487759836377945880643604124349386996958455081414791416190189672729586"", ""101785027994903056655960806921296127920247085037289401083487152961939171420261""]",2026-04-25,2026-04-25,KXMLBGAME-26APR181605TBPIT,KXMLBGAME-26APR181605TBPIT-TB,Rays,Tampa Bay vs Pittsburgh Winner?,Rays; Pirates,2026-04-18,https://kalshi.com/markets/KXMLBGAME-26APR181605TBPIT-TB,2026-04-21T20:05:00Z,,
Baseball,MLB,high,giants; nationals,0,1946767,giants nationals,San Francisco Giants,Giants; Nationals,2026-04-17,https://polymarket.com/event/mlb-sf-wsh-2026-04-17,mlb-sf-wsh-2026-04-17,https://polymarket.com/event/mlb-sf-wsh-2026-04-17,"[""San Francisco Giants"", ""Washington Nationals""]","[""62936868222725041802430058117885309107139556293890166307693127614730596727817"", ""94367824263963788867821905541720546203839035393204048176030720971118539386412""]",2026-04-24,2026-04-24,KXMLBGAME-26APR171845SFWSH,KXMLBGAME-26APR171845SFWSH-SF,Giants,San Francisco vs Washington Winner?,Giants; Nationals,2026-04-17,https://kalshi.com/markets/KXMLBGAME-26APR171845SFWSH-SF,2026-04-20T22:45:00Z,,
Baseball,MLB,high,giants; nationals,0,1946767,nationals giants,Washington Nationals,Nationals; Giants,2026-04-17,https://polymarket.com/event/mlb-sf-wsh-2026-04-17,mlb-sf-wsh-2026-04-17,https://polymarket.com/event/mlb-sf-wsh-2026-04-17,"[""Washington Nationals"", ""San Francisco Giants""]","[""94367824263963788867821905541720546203839035393204048176030720971118539386412"", ""62936868222725041802430058117885309107139556293890166307693127614730596727817""]",2026-04-24,2026-04-24,KXMLBGAME-26APR171845SFWSH,KXMLBGAME-26APR171845SFWSH-WSH,Nationals,San Francisco vs Washington Winner?,Giants; Nationals,2026-04-17,https://kalshi.com/markets/KXMLBGAME-26APR171845SFWSH-WSH,2026-04-20T22:45:00Z,,
Baseball,MLB,high,giants; nationals,0,1958054,giants nationals,San Francisco Giants,Giants; Nationals,2026-04-18,https://polymarket.com/event/mlb-sf-wsh-2026-04-18,mlb-sf-wsh-2026-04-18,https://polymarket.com/event/mlb-sf-wsh-2026-04-18,"[""San Francisco Giants"", ""Washington Nationals""]","[""3319090775030335646128886519130407921710098081840734538552641471023433190478"", ""69137735505128646282150775782472477397595326318817855530203716945648483950187""]",2026-04-25,2026-04-25,KXMLBGAME-26APR181605SFWSH,KXMLBGAME-26APR181605SFWSH-SF,Giants,San Francisco vs Washington Winner?,Giants; Nationals,2026-04-18,https://kalshi.com/markets/KXMLBGAME-26APR181605SFWSH-SF,2026-04-21T20:05:00Z,,
Baseball,MLB,high,giants; nationals,0,1958054,nationals giants,Washington Nationals,Nationals; Giants,2026-04-18,https://polymarket.com/event/mlb-sf-wsh-2026-04-18,mlb-sf-wsh-2026-04-18,https://polymarket.com/event/mlb-sf-wsh-2026-04-18,"[""Washington Nationals"", ""San Francisco Giants""]","[""69137735505128646282150775782472477397595326318817855530203716945648483950187"", ""3319090775030335646128886519130407921710098081840734538552641471023433190478""]",2026-04-25,2026-04-25,KXMLBGAME-26APR181605SFWSH,KXMLBGAME-26APR181605SFWSH-WSH,Nationals,San Francisco vs Washington Winner?,Giants; Nationals,2026-04-18,https://kalshi.com/markets/KXMLBGAME-26APR181605SFWSH-WSH,2026-04-21T20:05:00Z,,
Baseball,MLB,high,royals; yankees,0,1946774,royals yankees,Kansas City Royals,Royals; Yankees,2026-04-17,https://polymarket.com/event/mlb-kc-nyy-2026-04-17,mlb-kc-nyy-2026-04-17,https://polymarket.com/event/mlb-kc-nyy-2026-04-17,"[""Kansas City Royals"", ""New York Yankees""]","[""43447775154861803532852335796974709900319484888452684929082947518806003922798"", ""1886495914970076698971755030795516555373876224740837447880293828583001150822""]",2026-04-24,2026-04-24,KXMLBGAME-26APR171905KCNYY,KXMLBGAME-26APR171905KCNYY-KC,Royals,Kansas City vs New York Y Winner?,Royals; Yankees,2026-04-17,https://kalshi.com/markets/KXMLBGAME-26APR171905KCNYY-KC,2026-04-20T23:05:00Z,,
Baseball,MLB,high,royals; yankees,0,1946774,yankees royals,New York Yankees,Yankees; Royals,2026-04-17,https://polymarket.com/event/mlb-kc-nyy-2026-04-17,mlb-kc-nyy-2026-04-17,https://polymarket.com/event/mlb-kc-nyy-2026-04-17,"[""New York Yankees"", ""Kansas City Royals""]","[""1886495914970076698971755030795516555373876224740837447880293828583001150822"", ""43447775154861803532852335796974709900319484888452684929082947518806003922798""]",2026-04-24,2026-04-24,KXMLBGAME-26APR171905KCNYY,KXMLBGAME-26APR171905KCNYY-NYY,Yankees,Kansas City vs New York Y Winner?,Royals; Yankees,2026-04-17,https://kalshi.com/markets/KXMLBGAME-26APR171905KCNYY-NYY,2026-04-20T23:05:00Z,,
Baseball,MLB,high,royals; yankees,0,1958043,royals yankees,Kansas City Royals,Royals; Yankees,2026-04-18,https://polymarket.com/event/mlb-kc-nyy-2026-04-18,mlb-kc-nyy-2026-04-18,https://polymarket.com/event/mlb-kc-nyy-2026-04-18,"[""Kansas City Royals"", ""New York Yankees""]","[""45243089423823950697801659866553547043492192282151224320720179483317418130327"", ""2354633636127442652393893398512559768947817208545460604430733348609822510980""]",2026-04-25,2026-04-25,KXMLBGAME-26APR181335KCNYY,KXMLBGAME-26APR181335KCNYY-KC,Royals,Kansas City vs New York Y Winner?,Royals; Yankees,2026-04-18,https://kalshi.com/markets/KXMLBGAME-26APR181335KCNYY-KC,2026-04-21T17:35:00Z,,
Baseball,MLB,high,royals; yankees,0,1958043,yankees royals,New York Yankees,Yankees; Royals,2026-04-18,https://polymarket.com/event/mlb-kc-nyy-2026-04-18,mlb-kc-nyy-2026-04-18,https://polymarket.com/event/mlb-kc-nyy-2026-04-18,"[""New York Yankees"", ""Kansas City Royals""]","[""2354633636127442652393893398512559768947817208545460604430733348609822510980"", ""45243089423823950697801659866553547043492192282151224320720179483317418130327""]",2026-04-25,2026-04-25,KXMLBGAME-26APR181335KCNYY,KXMLBGAME-26APR181335KCNYY-NYY,Yankees,Kansas City vs New York Y Winner?,Royals; Yankees,2026-04-18,https://kalshi.com/markets/KXMLBGAME-26APR181335KCNYY-NYY,2026-04-21T17:35:00Z,,
Baseball,MLB,high,brewers; marlins,0,1946779,marlins brewers,Miami Marlins,Marlins; Brewers,2026-04-17,https://polymarket.com/event/mlb-mil-mia-2026-04-17,mlb-mil-mia-2026-04-17,https://polymarket.com/event/mlb-mil-mia-2026-04-17,"[""Miami Marlins"", ""Milwaukee Brewers""]","[""108346110880190882490910786585340292875140038084064115439319528757463634355663"", ""13249714932944187390278372584714739692890927047835365780916112644270791901392""]",2026-04-24,2026-04-24,KXMLBGAME-26APR171910MILMIA,KXMLBGAME-26APR171910MILMIA-MIA,Marlins,Milwaukee vs Miami Winner?,Brewers; Marlins,2026-04-17,https://kalshi.com/markets/KXMLBGAME-26APR171910MILMIA-MIA,2026-04-20T23:10:00Z,,
Baseball,MLB,high,brewers; marlins,0,1946779,brewers marlins,Milwaukee Brewers,Brewers; Marlins,2026-04-17,https://polymarket.com/event/mlb-mil-mia-2026-04-17,mlb-mil-mia-2026-04-17,https://polymarket.com/event/mlb-mil-mia-2026-04-17,"[""Milwaukee Brewers"", ""Miami Marlins""]","[""13249714932944187390278372584714739692890927047835365780916112644270791901392"", ""108346110880190882490910786585340292875140038084064115439319528757463634355663""]",2026-04-24,2026-04-24,KXMLBGAME-26APR171910MILMIA,KXMLBGAME-26APR171910MILMIA-MIL,Brewers,Milwaukee vs Miami Winner?,Brewers; Marlins,2026-04-17,https://kalshi.com/markets/KXMLBGAME-26APR171910MILMIA-MIL,2026-04-20T23:10:00Z,,
Baseball,MLB,high,brewers; marlins,0,1958058,marlins brewers,Miami Marlins,Marlins; Brewers,2026-04-18,https://polymarket.com/event/mlb-mil-mia-2026-04-18,mlb-mil-mia-2026-04-18,https://polymarket.com/event/mlb-mil-mia-2026-04-18,"[""Miami Marlins"", ""Milwaukee Brewers""]","[""103664110932132885765025456737491486652364852821911219347633435948861207378272"", ""47806407275399622324722926338200474332167333934055846660225360639350586629083""]",2026-04-25,2026-04-25,KXMLBGAME-26APR181610MILMIA,KXMLBGAME-26APR181610MILMIA-MIA,Marlins,Milwaukee vs Miami Winner?,Brewers; Marlins,2026-04-18,https://kalshi.com/markets/KXMLBGAME-26APR181610MILMIA-MIA,2026-04-21T20:10:00Z,,
Baseball,MLB,high,brewers; marlins,0,1958058,brewers marlins,Milwaukee Brewers,Brewers; Marlins,2026-04-18,https://polymarket.com/event/mlb-mil-mia-2026-04-18,mlb-mil-mia-2026-04-18,https://polymarket.com/event/mlb-mil-mia-2026-04-18,"[""Milwaukee Brewers"", ""Miami Marlins""]","[""47806407275399622324722926338200474332167333934055846660225360639350586629083"", ""103664110932132885765025456737491486652364852821911219347633435948861207378272""]",2026-04-25,2026-04-25,KXMLBGAME-26APR181610MILMIA,KXMLBGAME-26APR181610MILMIA-MIL,Brewers,Milwaukee vs Miami Winner?,Brewers; Marlins,2026-04-18,https://kalshi.com/markets/KXMLBGAME-26APR181610MILMIA-MIL,2026-04-21T20:10:00Z,,
Baseball,MLB,high,red sox; tigers,0,1946781,red sox tigers,Boston Red Sox,Red Sox; Tigers,2026-04-17,https://polymarket.com/event/mlb-det-bos-2026-04-17,mlb-det-bos-2026-04-17,https://polymarket.com/event/mlb-det-bos-2026-04-17,"[""Boston Red Sox"", ""Detroit Tigers""]","[""75468137325261219587290269797975540712242190906400725367200421835965842123957"", ""109734919896205563392481941570361065978671481014911857548342394351632610193935""]",2026-04-24,2026-04-24,KXMLBGAME-26APR171915DETBOS,KXMLBGAME-26APR171915DETBOS-BOS,Red Sox,Detroit vs Boston Winner?,Tigers; Red Sox,2026-04-17,https://kalshi.com/markets/KXMLBGAME-26APR171915DETBOS-BOS,2026-04-20T05:00:00Z,,
Baseball,MLB,high,red sox; tigers,0,1946781,tigers red sox,Detroit Tigers,Tigers; Red Sox,2026-04-17,https://polymarket.com/event/mlb-det-bos-2026-04-17,mlb-det-bos-2026-04-17,https://polymarket.com/event/mlb-det-bos-2026-04-17,"[""Detroit Tigers"", ""Boston Red Sox""]","[""109734919896205563392481941570361065978671481014911857548342394351632610193935"", ""75468137325261219587290269797975540712242190906400725367200421835965842123957""]",2026-04-24,2026-04-24,KXMLBGAME-26APR171915DETBOS,KXMLBGAME-26APR171915DETBOS-DET,Tigers,Detroit vs Boston Winner?,Tigers; Red Sox,2026-04-17,https://kalshi.com/markets/KXMLBGAME-26APR171915DETBOS-DET,2026-04-20T05:00:00Z,,
Baseball,MLB,high,red sox; tigers,0,1958056,red sox tigers,Boston Red Sox,Red Sox; Tigers,2026-04-18,https://polymarket.com/event/mlb-det-bos-2026-04-18,mlb-det-bos-2026-04-18,https://polymarket.com/event/mlb-det-bos-2026-04-18,"[""Boston Red Sox"", ""Detroit Tigers""]","[""62327494211783372252044113784854141265479001637866434567751865014086923480356"", ""3997987528905423471882852273372774232877955806474070910982486726709467591030""]",2026-04-25,2026-04-25,KXMLBGAME-26APR181610DETBOS,KXMLBGAME-26APR181610DETBOS-BOS,Red Sox,Detroit vs Boston Winner?,Tigers; Red Sox,2026-04-18,https://kalshi.com/markets/KXMLBGAME-26APR181610DETBOS-BOS,2026-04-21T20:10:00Z,,
Baseball,MLB,high,red sox; tigers,0,1958056,tigers red sox,Detroit Tigers,Tigers; Red Sox,2026-04-18,https://polymarket.com/event/mlb-det-bos-2026-04-18,mlb-det-bos-2026-04-18,https://polymarket.com/event/mlb-det-bos-2026-04-18,"[""Detroit Tigers"", ""Boston Red Sox""]","[""3997987528905423471882852273372774232877955806474070910982486726709467591030"", ""62327494211783372252044113784854141265479001637866434567751865014086923480356""]",2026-04-25,2026-04-25,KXMLBGAME-26APR181610DETBOS,KXMLBGAME-26APR181610DETBOS-DET,Tigers,Detroit vs Boston Winner?,Tigers; Red Sox,2026-04-18,https://kalshi.com/markets/KXMLBGAME-26APR181610DETBOS-DET,2026-04-21T20:10:00Z,,
Baseball,MLB,high,astros; cardinals,0,1946783,astros cardinals,Houston Astros,Astros; Cardinals,2026-04-17,https://polymarket.com/event/mlb-stl-hou-2026-04-17,mlb-stl-hou-2026-04-17,https://polymarket.com/event/mlb-stl-hou-2026-04-17,"[""Houston Astros"", ""St. Louis Cardinals""]","[""78583796317137552987736185976967202036888409826401126546248823021431902954187"", ""108748821951225588837518494936334126827677274390202823805445939218379945118026""]",2026-04-25,2026-04-25,KXMLBGAME-26APR172010STLHOU,KXMLBGAME-26APR172010STLHOU-HOU,Astros,St. Louis vs Houston Winner?,Cardinals; Astros,2026-04-17,https://kalshi.com/markets/KXMLBGAME-26APR172010STLHOU-HOU,2026-04-21T00:10:00Z,,
Baseball,MLB,high,astros; cardinals,0,1946783,cardinals astros,St. Louis Cardinals,Cardinals; Astros,2026-04-17,https://polymarket.com/event/mlb-stl-hou-2026-04-17,mlb-stl-hou-2026-04-17,https://polymarket.com/event/mlb-stl-hou-2026-04-17,"[""St. Louis Cardinals"", ""Houston Astros""]","[""108748821951225588837518494936334126827677274390202823805445939218379945118026"", ""78583796317137552987736185976967202036888409826401126546248823021431902954187""]",2026-04-25,2026-04-25,KXMLBGAME-26APR172010STLHOU,KXMLBGAME-26APR172010STLHOU-STL,Cardinals,St. Louis vs Houston Winner?,Cardinals; Astros,2026-04-17,https://kalshi.com/markets/KXMLBGAME-26APR172010STLHOU-STL,2026-04-21T00:10:00Z,,
Baseball,MLB,high,astros; cardinals,0,1958063,astros cardinals,Houston Astros,Astros; Cardinals,2026-04-18,https://polymarket.com/event/mlb-stl-hou-2026-04-18,mlb-stl-hou-2026-04-18,https://polymarket.com/event/mlb-stl-hou-2026-04-18,"[""Houston Astros"", ""St. Louis Cardinals""]","[""10701637278518508498575886111202170125024150565400972532693360094829177458808"", ""52274121943612222394078947460902457166416923491197770499708808662643759684865""]",2026-04-25,2026-04-25,KXMLBGAME-26APR181910STLHOU,KXMLBGAME-26APR181910STLHOU-HOU,Astros,St. Louis vs Houston Winner?,Cardinals; Astros,2026-04-18,https://kalshi.com/markets/KXMLBGAME-26APR181910STLHOU-HOU,2026-04-21T23:10:00Z,,
Baseball,MLB,high,astros; cardinals,0,1958063,cardinals astros,St. Louis Cardinals,Cardinals; Astros,2026-04-18,https://polymarket.com/event/mlb-stl-hou-2026-04-18,mlb-stl-hou-2026-04-18,https://polymarket.com/event/mlb-stl-hou-2026-04-18,"[""St. Louis Cardinals"", ""Houston Astros""]","[""52274121943612222394078947460902457166416923491197770499708808662643759684865"", ""10701637278518508498575886111202170125024150565400972532693360094829177458808""]",2026-04-25,2026-04-25,KXMLBGAME-26APR181910STLHOU,KXMLBGAME-26APR181910STLHOU-STL,Cardinals,St. Louis vs Houston Winner?,Cardinals; Astros,2026-04-18,https://kalshi.com/markets/KXMLBGAME-26APR181910STLHOU-STL,2026-04-21T23:10:00Z,,
Baseball,MLB,high,reds; twins,0,1946785,reds twins,Cincinnati Reds,Reds; Twins,2026-04-17,https://polymarket.com/event/mlb-cin-min-2026-04-17,mlb-cin-min-2026-04-17,https://polymarket.com/event/mlb-cin-min-2026-04-17,"[""Cincinnati Reds"", ""Minnesota Twins""]","[""50636941845327244869714420576141567296524414167641907551421667649372204032353"", ""28681922696813686237956083598684643358251922849264069691722045535407299543608""]",2026-04-25,2026-04-25,KXMLBGAME-26APR172010CINMIN,KXMLBGAME-26APR172010CINMIN-CIN,Reds,Cincinnati vs Minnesota Winner?,Reds; Twins,2026-04-17,https://kalshi.com/markets/KXMLBGAME-26APR172010CINMIN-CIN,2026-04-21T00:10:00Z,,
Baseball,MLB,high,reds; twins,0,1946785,twins reds,Minnesota Twins,Twins; Reds,2026-04-17,https://polymarket.com/event/mlb-cin-min-2026-04-17,mlb-cin-min-2026-04-17,https://polymarket.com/event/mlb-cin-min-2026-04-17,"[""Minnesota Twins"", ""Cincinnati Reds""]","[""28681922696813686237956083598684643358251922849264069691722045535407299543608"", ""50636941845327244869714420576141567296524414167641907551421667649372204032353""]",2026-04-25,2026-04-25,KXMLBGAME-26APR172010CINMIN,KXMLBGAME-26APR172010CINMIN-MIN,Twins,Cincinnati vs Minnesota Winner?,Reds; Twins,2026-04-17,https://kalshi.com/markets/KXMLBGAME-26APR172010CINMIN-MIN,2026-04-21T00:10:00Z,,
Baseball,MLB,high,reds; twins,0,1958045,reds twins,Cincinnati Reds,Reds; Twins,2026-04-18,https://polymarket.com/event/mlb-cin-min-2026-04-18,mlb-cin-min-2026-04-18,https://polymarket.com/event/mlb-cin-min-2026-04-18,"[""Cincinnati Reds"", ""Minnesota Twins""]","[""33254593906740814717395458473013836679975315562354031897100768076592329498377"", ""85829402992987823084345821161960589358478101299631540111384306012401984878628""]",2026-04-25,2026-04-25,KXMLBGAME-26APR181410CINMIN,KXMLBGAME-26APR181410CINMIN-CIN,Reds,Cincinnati vs Minnesota Winner?,Reds; Twins,2026-04-18,https://kalshi.com/markets/KXMLBGAME-26APR181410CINMIN-CIN,2026-04-21T18:10:00Z,,
Baseball,MLB,high,reds; twins,0,1958045,twins reds,Minnesota Twins,Twins; Reds,2026-04-18,https://polymarket.com/event/mlb-cin-min-2026-04-18,mlb-cin-min-2026-04-18,https://polymarket.com/event/mlb-cin-min-2026-04-18,"[""Minnesota Twins"", ""Cincinnati Reds""]","[""85829402992987823084345821161960589358478101299631540111384306012401984878628"", ""33254593906740814717395458473013836679975315562354031897100768076592329498377""]",2026-04-25,2026-04-25,KXMLBGAME-26APR181410CINMIN,KXMLBGAME-26APR181410CINMIN-MIN,Twins,Cincinnati vs Minnesota Winner?,Reds; Twins,2026-04-18,https://kalshi.com/markets/KXMLBGAME-26APR181410CINMIN-MIN,2026-04-21T18:10:00Z,,
Baseball,MLB,high,dodgers; rockies,0,1946787,rockies dodgers,Colorado Rockies,Rockies; Dodgers,2026-04-17,https://polymarket.com/event/mlb-lad-col-2026-04-17,mlb-lad-col-2026-04-17,https://polymarket.com/event/mlb-lad-col-2026-04-17,"[""Colorado Rockies"", ""Los Angeles Dodgers""]","[""106140995798021821318913279139744407097362239680203836375210419606714281237829"", ""60062523386269240978117175256996840961751800878390512643794971809069754843910""]",2026-04-25,2026-04-25,KXMLBGAME-26APR172040LADCOL,KXMLBGAME-26APR172040LADCOL-COL,Rockies,Los Angeles D vs Colorado Winner?,Dodgers; Rockies,2026-04-17,https://kalshi.com/markets/KXMLBGAME-26APR172040LADCOL-COL,2026-04-21T00:40:00Z,,
Baseball,MLB,high,dodgers; rockies,0,1946787,dodgers rockies,Los Angeles Dodgers,Dodgers; Rockies,2026-04-17,https://polymarket.com/event/mlb-lad-col-2026-04-17,mlb-lad-col-2026-04-17,https://polymarket.com/event/mlb-lad-col-2026-04-17,"[""Los Angeles Dodgers"", ""Colorado Rockies""]","[""60062523386269240978117175256996840961751800878390512643794971809069754843910"", ""106140995798021821318913279139744407097362239680203836375210419606714281237829""]",2026-04-25,2026-04-25,KXMLBGAME-26APR172040LADCOL,KXMLBGAME-26APR172040LADCOL-LAD,Dodgers,Los Angeles D vs Colorado Winner?,Dodgers; Rockies,2026-04-17,https://kalshi.com/markets/KXMLBGAME-26APR172040LADCOL-LAD,2026-04-21T00:40:00Z,,
Baseball,MLB,high,dodgers; rockies,0,1958071,rockies dodgers,Colorado Rockies,Rockies; Dodgers,2026-04-18,https://polymarket.com/event/mlb-lad-col-2026-04-18,mlb-lad-col-2026-04-18,https://polymarket.com/event/mlb-lad-col-2026-04-18,"[""Colorado Rockies"", ""Los Angeles Dodgers""]","[""33336769643733710578202391398647889935395316576427081097890824899777633993465"", ""94803555675905872764602840918189015607137417323486747707211061051614903713968""]",2026-04-26,2026-04-26,KXMLBGAME-26APR182010LADCOL,KXMLBGAME-26APR182010LADCOL-COL,Rockies,Los Angeles D vs Colorado Winner?,Dodgers; Rockies,2026-04-18,https://kalshi.com/markets/KXMLBGAME-26APR182010LADCOL-COL,2026-04-22T00:10:00Z,,
Baseball,MLB,high,dodgers; rockies,0,1958071,dodgers rockies,Los Angeles Dodgers,Dodgers; Rockies,2026-04-18,https://polymarket.com/event/mlb-lad-col-2026-04-18,mlb-lad-col-2026-04-18,https://polymarket.com/event/mlb-lad-col-2026-04-18,"[""Los Angeles Dodgers"", ""Colorado Rockies""]","[""94803555675905872764602840918189015607137417323486747707211061051614903713968"", ""33336769643733710578202391398647889935395316576427081097890824899777633993465""]",2026-04-26,2026-04-26,KXMLBGAME-26APR182010LADCOL,KXMLBGAME-26APR182010LADCOL-LAD,Dodgers,Los Angeles D vs Colorado Winner?,Dodgers; Rockies,2026-04-18,https://kalshi.com/markets/KXMLBGAME-26APR182010LADCOL-LAD,2026-04-22T00:10:00Z,,
Baseball,MLB,high,angels; padres,0,1946789,angels padres,Los Angeles Angels,Angels; Padres,2026-04-17,https://polymarket.com/event/mlb-sd-laa-2026-04-17,mlb-sd-laa-2026-04-17,https://polymarket.com/event/mlb-sd-laa-2026-04-17,"[""Los Angeles Angels"", ""San Diego Padres""]","[""64295499964738350664769418712197616324929954966545407354034240141799877445663"", ""42320077201509089376569521746889909598562615906167655289664258567338504526393""]",2026-04-25,2026-04-25,KXMLBGAME-26APR172138SDLAA,KXMLBGAME-26APR172138SDLAA-LAA,Angels,San Diego vs Los Angeles A Winner?,Padres; Angels,2026-04-17,https://kalshi.com/markets/KXMLBGAME-26APR172138SDLAA-LAA,2026-04-21T01:38:00Z,,
Baseball,MLB,high,angels; padres,0,1946789,padres angels,San Diego Padres,Padres; Angels,2026-04-17,https://polymarket.com/event/mlb-sd-laa-2026-04-17,mlb-sd-laa-2026-04-17,https://polymarket.com/event/mlb-sd-laa-2026-04-17,"[""San Diego Padres"", ""Los Angeles Angels""]","[""42320077201509089376569521746889909598562615906167655289664258567338504526393"", ""64295499964738350664769418712197616324929954966545407354034240141799877445663""]",2026-04-25,2026-04-25,KXMLBGAME-26APR172138SDLAA,KXMLBGAME-26APR172138SDLAA-SD,Padres,San Diego vs Los Angeles A Winner?,Padres; Angels,2026-04-17,https://kalshi.com/markets/KXMLBGAME-26APR172138SDLAA-SD,2026-04-21T01:38:00Z,,
Baseball,MLB,high,angels; padres,0,1958073,angels padres,Los Angeles Angels,Angels; Padres,2026-04-18,https://polymarket.com/event/mlb-sd-laa-2026-04-18,mlb-sd-laa-2026-04-18,https://polymarket.com/event/mlb-sd-laa-2026-04-18,"[""Los Angeles Angels"", ""San Diego Padres""]","[""55988314417811246993053420566663874994117228386940124015768741385928214857392"", ""94640770667324165707338417151001129844221024718367850120737712986990957755845""]",2026-04-26,2026-04-26,KXMLBGAME-26APR182138SDLAA,KXMLBGAME-26APR182138SDLAA-LAA,Angels,San Diego vs Los Angeles A Winner?,Padres; Angels,2026-04-18,https://kalshi.com/markets/KXMLBGAME-26APR182138SDLAA-LAA,2026-04-22T01:38:00Z,,
Baseball,MLB,high,angels; padres,0,1958073,padres angels,San Diego Padres,Padres; Angels,2026-04-18,https://polymarket.com/event/mlb-sd-laa-2026-04-18,mlb-sd-laa-2026-04-18,https://polymarket.com/event/mlb-sd-laa-2026-04-18,"[""San Diego Padres"", ""Los Angeles Angels""]","[""94640770667324165707338417151001129844221024718367850120737712986990957755845"", ""55988314417811246993053420566663874994117228386940124015768741385928214857392""]",2026-04-26,2026-04-26,KXMLBGAME-26APR182138SDLAA,KXMLBGAME-26APR182138SDLAA-SD,Padres,San Diego vs Los Angeles A Winner?,Padres; Angels,2026-04-18,https://kalshi.com/markets/KXMLBGAME-26APR182138SDLAA-SD,2026-04-22T01:38:00Z,,
Baseball,MLB,high,blue jays; diamondbacks,0,1946791,diamondbacks blue jays,Arizona Diamondbacks,Diamondbacks; Blue Jays,2026-04-17,https://polymarket.com/event/mlb-tor-ari-2026-04-17,mlb-tor-ari-2026-04-17,https://polymarket.com/event/mlb-tor-ari-2026-04-17,"[""Arizona Diamondbacks"", ""Toronto Blue Jays""]","[""26533555587824063271631002583602705235547086839007334113703204576272081925945"", ""26173936036270946575750098808414982351487439651115420673176975315659008476879""]",2026-04-25,2026-04-25,KXMLBGAME-26APR172140TORAZ,KXMLBGAME-26APR172140TORAZ-AZ,Diamondbacks,Toronto vs Arizona Winner?,Blue Jays; Diamondbacks,2026-04-17,https://kalshi.com/markets/KXMLBGAME-26APR172140TORAZ-AZ,2026-04-21T01:40:00Z,,
Baseball,MLB,high,blue jays; diamondbacks,0,1946791,blue jays diamondbacks,Toronto Blue Jays,Blue Jays; Diamondbacks,2026-04-17,https://polymarket.com/event/mlb-tor-ari-2026-04-17,mlb-tor-ari-2026-04-17,https://polymarket.com/event/mlb-tor-ari-2026-04-17,"[""Toronto Blue Jays"", ""Arizona Diamondbacks""]","[""26173936036270946575750098808414982351487439651115420673176975315659008476879"", ""26533555587824063271631002583602705235547086839007334113703204576272081925945""]",2026-04-25,2026-04-25,KXMLBGAME-26APR172140TORAZ,KXMLBGAME-26APR172140TORAZ-TOR,Blue Jays,Toronto vs Arizona Winner?,Blue Jays; Diamondbacks,2026-04-17,https://kalshi.com/markets/KXMLBGAME-26APR172140TORAZ-TOR,2026-04-21T01:40:00Z,,
Baseball,MLB,high,blue jays; diamondbacks,0,1958069,diamondbacks blue jays,Arizona Diamondbacks,Diamondbacks; Blue Jays,2026-04-18,https://polymarket.com/event/mlb-tor-ari-2026-04-18,mlb-tor-ari-2026-04-18,https://polymarket.com/event/mlb-tor-ari-2026-04-18,"[""Arizona Diamondbacks"", ""Toronto Blue Jays""]","[""97440428031794149193737343607742621444491281635806235084757417778176139949448"", ""95112630930104933687528098763053079691091808259451484669200203163138472136581""]",2026-04-26,2026-04-26,KXMLBGAME-26APR182010TORAZ,KXMLBGAME-26APR182010TORAZ-AZ,Diamondbacks,Toronto vs Arizona Winner?,Blue Jays; Diamondbacks,2026-04-18,https://kalshi.com/markets/KXMLBGAME-26APR182010TORAZ-AZ,2026-04-22T00:10:00Z,,
Baseball,MLB,high,blue jays; diamondbacks,0,1958069,blue jays diamondbacks,Toronto Blue Jays,Blue Jays; Diamondbacks,2026-04-18,https://polymarket.com/event/mlb-tor-ari-2026-04-18,mlb-tor-ari-2026-04-18,https://polymarket.com/event/mlb-tor-ari-2026-04-18,"[""Toronto Blue Jays"", ""Arizona Diamondbacks""]","[""95112630930104933687528098763053079691091808259451484669200203163138472136581"", ""97440428031794149193737343607742621444491281635806235084757417778176139949448""]",2026-04-26,2026-04-26,KXMLBGAME-26APR182010TORAZ,KXMLBGAME-26APR182010TORAZ-TOR,Blue Jays,Toronto vs Arizona Winner?,Blue Jays; Diamondbacks,2026-04-18,https://kalshi.com/markets/KXMLBGAME-26APR182010TORAZ-TOR,2026-04-22T00:10:00Z,,
Baseball,MLB,high,athletics; white sox,0,1946793,athletics white sox,Athletics,Athletics; White Sox,2026-04-17,https://polymarket.com/event/mlb-cws-oak-2026-04-17,mlb-cws-oak-2026-04-17,https://polymarket.com/event/mlb-cws-oak-2026-04-17,"[""Athletics"", ""Chicago White Sox""]","[""102848206932100256323695890864889089026141227009011591443816786871934493616854"", ""65303354796792022742500436075619021230138247104108008536843915904036856135854""]",2026-04-25,2026-04-25,KXMLBGAME-26APR172140CWSATH,KXMLBGAME-26APR172140CWSATH-ATH,Athletics,Chicago WS vs A's Winner?,White Sox; Athletics,2026-04-17,https://kalshi.com/markets/KXMLBGAME-26APR172140CWSATH-ATH,2026-04-21T01:40:00Z,,
Baseball,MLB,high,athletics; white sox,0,1946793,white sox athletics,Chicago White Sox,White Sox; Athletics,2026-04-17,https://polymarket.com/event/mlb-cws-oak-2026-04-17,mlb-cws-oak-2026-04-17,https://polymarket.com/event/mlb-cws-oak-2026-04-17,"[""Chicago White Sox"", ""Athletics""]","[""65303354796792022742500436075619021230138247104108008536843915904036856135854"", ""102848206932100256323695890864889089026141227009011591443816786871934493616854""]",2026-04-25,2026-04-25,KXMLBGAME-26APR172140CWSATH,KXMLBGAME-26APR172140CWSATH-CWS,White Sox,Chicago WS vs A's Winner?,White Sox; Athletics,2026-04-17,https://kalshi.com/markets/KXMLBGAME-26APR172140CWSATH-CWS,2026-04-21T01:40:00Z,,
Baseball,MLB,high,athletics; white sox,0,1958050,athletics white sox,Athletics,Athletics; White Sox,2026-04-18,https://polymarket.com/event/mlb-cws-oak-2026-04-18,mlb-cws-oak-2026-04-18,https://polymarket.com/event/mlb-cws-oak-2026-04-18,"[""Athletics"", ""Chicago White Sox""]","[""70256438366697603665858598280035254674315312583751752440692852167127904982802"", ""70525338545318210348028554846970117603167816606203402178536429642881486118481""]",2026-04-25,2026-04-25,KXMLBGAME-26APR181605CWSATH,KXMLBGAME-26APR181605CWSATH-ATH,Athletics,Chicago WS vs A's Winner?,White Sox; Athletics,2026-04-18,https://kalshi.com/markets/KXMLBGAME-26APR181605CWSATH-ATH,2026-04-21T20:05:00Z,,
Baseball,MLB,high,athletics; white sox,0,1958050,white sox athletics,Chicago White Sox,White Sox; Athletics,2026-04-18,https://polymarket.com/event/mlb-cws-oak-2026-04-18,mlb-cws-oak-2026-04-18,https://polymarket.com/event/mlb-cws-oak-2026-04-18,"[""Chicago White Sox"", ""Athletics""]","[""70525338545318210348028554846970117603167816606203402178536429642881486118481"", ""70256438366697603665858598280035254674315312583751752440692852167127904982802""]",2026-04-25,2026-04-25,KXMLBGAME-26APR181605CWSATH,KXMLBGAME-26APR181605CWSATH-CWS,White Sox,Chicago WS vs A's Winner?,White Sox; Athletics,2026-04-18,https://kalshi.com/markets/KXMLBGAME-26APR181605CWSATH-CWS,2026-04-21T20:05:00Z,,
Baseball,MLB,high,mariners; rangers,0,1946795,mariners rangers,Seattle Mariners,Mariners; Rangers,2026-04-17,https://polymarket.com/event/mlb-tex-sea-2026-04-17,mlb-tex-sea-2026-04-17,https://polymarket.com/event/mlb-tex-sea-2026-04-17,"[""Seattle Mariners"", ""Texas Rangers""]","[""90250687417506189866561136573806716123195166108416276499427416298511705850910"", ""57851794296486593204343620348491334220583037261890986366144538341507480487467""]",2026-04-25,2026-04-25,KXMLBGAME-26APR172140TEXSEA,KXMLBGAME-26APR172140TEXSEA-SEA,Mariners,Texas vs Seattle Winner?,Rangers; Mariners,2026-04-17,https://kalshi.com/markets/KXMLBGAME-26APR172140TEXSEA-SEA,2026-04-21T01:40:00Z,,
Baseball,MLB,high,mariners; rangers,0,1946795,rangers mariners,Texas Rangers,Rangers; Mariners,2026-04-17,https://polymarket.com/event/mlb-tex-sea-2026-04-17,mlb-tex-sea-2026-04-17,https://polymarket.com/event/mlb-tex-sea-2026-04-17,"[""Texas Rangers"", ""Seattle Mariners""]","[""57851794296486593204343620348491334220583037261890986366144538341507480487467"", ""90250687417506189866561136573806716123195166108416276499427416298511705850910""]",2026-04-25,2026-04-25,KXMLBGAME-26APR172140TEXSEA,KXMLBGAME-26APR172140TEXSEA-TEX,Rangers,Texas vs Seattle Winner?,Rangers; Mariners,2026-04-17,https://kalshi.com/markets/KXMLBGAME-26APR172140TEXSEA-TEX,2026-04-21T01:40:00Z,,
Baseball,MLB,high,mariners; rangers,0,1958067,mariners rangers,Seattle Mariners,Mariners; Rangers,2026-04-18,https://polymarket.com/event/mlb-tex-sea-2026-04-18,mlb-tex-sea-2026-04-18,https://polymarket.com/event/mlb-tex-sea-2026-04-18,"[""Seattle Mariners"", ""Texas Rangers""]","[""105094767314496269096169106561798307141421302921501691003129209753218152022508"", ""88580080944693275889740965652044457206780734764445480091651106638935535919638""]",2026-04-25,2026-04-25,KXMLBGAME-26APR181915TEXSEA,KXMLBGAME-26APR181915TEXSEA-SEA,Mariners,Texas vs Seattle Winner?,Rangers; Mariners,2026-04-18,https://kalshi.com/markets/KXMLBGAME-26APR181915TEXSEA-SEA,2026-04-21T23:15:00Z,,
Baseball,MLB,high,mariners; rangers,0,1958067,rangers mariners,Texas Rangers,Rangers; Mariners,2026-04-18,https://polymarket.com/event/mlb-tex-sea-2026-04-18,mlb-tex-sea-2026-04-18,https://polymarket.com/event/mlb-tex-sea-2026-04-18,"[""Texas Rangers"", ""Seattle Mariners""]","[""88580080944693275889740965652044457206780734764445480091651106638935535919638"", ""105094767314496269096169106561798307141421302921501691003129209753218152022508""]",2026-04-25,2026-04-25,KXMLBGAME-26APR181915TEXSEA,KXMLBGAME-26APR181915TEXSEA-TEX,Rangers,Texas vs Seattle Winner?,Rangers; Mariners,2026-04-18,https://kalshi.com/markets/KXMLBGAME-26APR181915TEXSEA-TEX,2026-04-21T23:15:00Z,,
Cricket,IPL,high,chennai super kings; sunrisers hyderabad,0,negrisk_368171,sunrisers hyderabad chennai super kings,CHE,Sunrisers Hyderabad; Chennai Super Kings,2026-04-18,https://polymarket.com/event/cricipl-sun-che-2026-04-18-toss-match-double,cricipl-sun-che-2026-04-18-toss-match-double,https://polymarket.com/event/cricipl-sun-che-2026-04-18-toss-match-double,"[""SUN"", ""CHE"", ""Draw""]","[""94035539868183666950849819793942745229597325251066739917570879340251442830552"", ""60213171830589010379547684483319247097758725630632596002358779753985041554776"", ""110102022761344514849885134554097245019276909327058982970026483927507136863789"", ""110765164569448736518418292180227161642090958535323426600873924804317884744648"", ""27746792993649999379697633556326628020049161756374726744639340264006066660517"", ""74469187683121057716769226407584515939534534115604927254795209779303442761076""]",2026-04-25,2026-04-25,KXIPLGAME-26APR18CSKSRH,KXIPLGAME-26APR18CSKSRH-CSK,,Sunrisers Hyderabad vs Chennai Super Kings Winner?,Sunrisers Hyderabad; Chennai Super Kings,2026-04-18,https://kalshi.com/markets/KXIPLGAME-26APR18CSKSRH-CSK,2026-04-21T14:00:00Z,,
Esports,LoL,high,gen.g; hanwha life esports,0,1955538,gen.g hanwha life esports,Gen.G,Gen.G; Hanwha Life Esports,2026-04-18,https://polymarket.com/event/lol-hle1-gen-2026-04-18,lol-hle1-gen-2026-04-18,https://polymarket.com/event/lol-hle1-gen-2026-04-18,"[""Gen.G"", ""Hanwha Life Esports""]","[""50885633542127276533086371398085696492087486009031666870662961203660331036715"", ""102113798807594224088954356412031379016822289611964256931298393106101028549026""]",2026-04-18,2026-04-18,KXLOLGAME-26APR180400GENHLE,KXLOLGAME-26APR180400GENHLE-GEN,Gen.G,Will Gen.G win the Gen.G vs. Hanwha Life Esports League of Legends match?,Gen.G; Hanwha Life Esports,2026-04-18,https://kalshi.com/markets/KXLOLGAME-26APR180400GENHLE-GEN,2026-05-02T08:00:00Z,,
Esports,LoL,high,gen.g; hanwha life esports,0,1955538,hanwha life esports gen.g,Hanwha Life Esports,Hanwha Life Esports; Gen.G,2026-04-18,https://polymarket.com/event/lol-hle1-gen-2026-04-18,lol-hle1-gen-2026-04-18,https://polymarket.com/event/lol-hle1-gen-2026-04-18,"[""Hanwha Life Esports"", ""Gen.G""]","[""102113798807594224088954356412031379016822289611964256931298393106101028549026"", ""50885633542127276533086371398085696492087486009031666870662961203660331036715""]",2026-04-18,2026-04-18,KXLOLMAP-26APR180400GENHLE-1,KXLOLMAP-26APR180400GENHLE-1-HLE,Hanwha Life Esports,Will Hanwha Life Esports win map 1 in the Gen.G vs. Hanwha Life Esports match?,Gen.G; Hanwha Life Esports,2026-04-18,https://kalshi.com/markets/KXLOLMAP-26APR180400GENHLE-1-HLE,2026-05-02T08:00:00Z,,
Esports,LoL,high,dn soopers; kt rolster,0,1955561,dn soopers kt rolster,DN SOOPers,DN SOOPers; KT Rolster,2026-04-18,https://polymarket.com/event/lol-dnf-kt-2026-04-18,lol-dnf-kt-2026-04-18,https://polymarket.com/event/lol-dnf-kt-2026-04-18,"[""DN SOOPers"", ""KT Rolster""]","[""31225409808647126522745663159902057860549057791786168040385331039694301720140"", ""10670470759055289128712926919784348839207570549571497329809360851123549723287""]",2026-04-18,2026-04-18,KXLOLGAME-26APR180600KTDNF,KXLOLGAME-26APR180600KTDNF-DNF,DN SOOPers,Will DN SOOPers win the KT Rolster vs. DN SOOPers League of Legends match?,DN SOOPers; KT Rolster,2026-04-18,https://kalshi.com/markets/KXLOLGAME-26APR180600KTDNF-DNF,2026-05-02T10:00:00Z,,
Esports,LoL,high,dn soopers; kt rolster,0,1955561,kt rolster dn soopers,KT Rolster,KT Rolster; DN SOOPers,2026-04-18,https://polymarket.com/event/lol-dnf-kt-2026-04-18,lol-dnf-kt-2026-04-18,https://polymarket.com/event/lol-dnf-kt-2026-04-18,"[""KT Rolster"", ""DN SOOPers""]","[""10670470759055289128712926919784348839207570549571497329809360851123549723287"", ""31225409808647126522745663159902057860549057791786168040385331039694301720140""]",2026-04-18,2026-04-18,KXLOLGAME-26APR180600KTDNF,KXLOLGAME-26APR180600KTDNF-KT,KT Rolster,Will KT Rolster win the KT Rolster vs. DN SOOPers League of Legends match?,DN SOOPers; KT Rolster,2026-04-18,https://kalshi.com/markets/KXLOLGAME-26APR180600KTDNF-KT,2026-05-02T10:00:00Z,,
Baseball,KBO,high,kiwoom heroes; kt wiz,0,1958039,kt wiz kiwoom heroes,KT Wiz,KT Wiz; Kiwoom Heroes,2026-04-18,https://polymarket.com/event/kbo-kiw-kt-2026-04-18,kbo-kiw-kt-2026-04-18,https://polymarket.com/event/kbo-kiw-kt-2026-04-18,"[""KT Wiz"", ""Kiwoom Heroes""]","[""91588332641950762505326996891064305933228779565933087412252877776032621208117"", ""71378736389718976143337470388755796196100501052439239258211766119205217278571""]",2026-04-25,2026-04-25,KXKBOGAME-26APR180400KIWKTW,KXKBOGAME-26APR180400KIWKTW-KTW,KT Wiz,Kiwoom Heroes vs KT Wiz winner?,Kiwoom Heroes; KT Wiz,2026-04-18,https://kalshi.com/markets/KXKBOGAME-26APR180400KIWKTW-KTW,2026-04-21T08:00:00Z,,
Baseball,KBO,high,kiwoom heroes; kt wiz,0,1958039,kiwoom heroes kt wiz,Kiwoom Heroes,Kiwoom Heroes; KT Wiz,2026-04-18,https://polymarket.com/event/kbo-kiw-kt-2026-04-18,kbo-kiw-kt-2026-04-18,https://polymarket.com/event/kbo-kiw-kt-2026-04-18,"[""Kiwoom Heroes"", ""KT Wiz""]","[""71378736389718976143337470388755796196100501052439239258211766119205217278571"", ""91588332641950762505326996891064305933228779565933087412252877776032621208117""]",2026-04-25,2026-04-25,KXKBOGAME-26APR180400KIWKTW,KXKBOGAME-26APR180400KIWKTW-KIW,Kiwoom Heroes,Kiwoom Heroes vs KT Wiz winner?,Kiwoom Heroes; KT Wiz,2026-04-18,https://kalshi.com/markets/KXKBOGAME-26APR180400KIWKTW-KIW,2026-04-21T08:00:00Z,,
Ice Hockey,AHL,high,hershey bears; islanders,0,1959331,islanders hershey bears,Bridgeport Islanders,Islanders; Hershey Bears,2026-04-18,https://polymarket.com/event/ahl-bri-her-2026-04-18,ahl-bri-her-2026-04-18,https://polymarket.com/event/ahl-bri-her-2026-04-18,"[""Bridgeport Islanders"", ""Hershey Bears""]","[""5189687072666480270078071979120353699303279203937251725241889922608378822007"", ""62749726231456148870713799818102525292201942088271408625187577457078681424525""]",2026-04-18,2026-04-18,KXAHLGAME-26APR181900BRIHER,KXAHLGAME-26APR181900BRIHER-BRI,,Bridgeport Islanders vs Hershey Bears Winner?,Islanders; Hershey Bears,2026-04-18,https://kalshi.com/markets/KXAHLGAME-26APR181900BRIHER-BRI,2026-05-02T23:00:00Z,,
Ice Hockey,AHL,high,hershey bears; islanders,0,1959331,hershey bears islanders,Hershey Bears,Hershey Bears; Islanders,2026-04-18,https://polymarket.com/event/ahl-bri-her-2026-04-18,ahl-bri-her-2026-04-18,https://polymarket.com/event/ahl-bri-her-2026-04-18,"[""Hershey Bears"", ""Bridgeport Islanders""]","[""62749726231456148870713799818102525292201942088271408625187577457078681424525"", ""5189687072666480270078071979120353699303279203937251725241889922608378822007""]",2026-04-18,2026-04-18,KXAHLGAME-26APR181900BRIHER,KXAHLGAME-26APR181900BRIHER-HER,Hershey Bears,Bridgeport Islanders vs Hershey Bears Winner?,Islanders; Hershey Bears,2026-04-18,https://kalshi.com/markets/KXAHLGAME-26APR181900BRIHER-HER,2026-05-02T23:00:00Z,,
Esports,LoL,high,ctbc flying oyster; deep cross gaming,0,1964376,ctbc flying oyster deep cross gaming,CTBC Flying Oyster,CTBC Flying Oyster; Deep Cross Gaming,2026-04-18,https://polymarket.com/event/lol-cfo-dcg-2026-04-18,lol-cfo-dcg-2026-04-18,https://polymarket.com/event/lol-cfo-dcg-2026-04-18,"[""CTBC Flying Oyster"", ""Deep Cross Gaming""]","[""64934566687536300892969617135181715876394728120615636546616880734140378797392"", ""616791263582492719846285664936551487956974754785403739018620672880681327237""]",2026-04-18,2026-04-18,KXLOLGAME-26APR180500DCGCFO,KXLOLGAME-26APR180500DCGCFO-CFO,CTBC Flying Oyster,Will CTBC Flying Oyster win the Deep Cross Gaming vs. CTBC Flying Oyster League of Legends match?,CTBC Flying Oyster; Deep Cross Gaming,2026-04-18,https://kalshi.com/markets/KXLOLGAME-26APR180500DCGCFO-CFO,2026-05-02T09:00:00Z,,
Esports,LoL,high,ctbc flying oyster; deep cross gaming,0,1964376,deep cross gaming ctbc flying oyster,Deep Cross Gaming,Deep Cross Gaming; CTBC Flying Oyster,2026-04-18,https://polymarket.com/event/lol-cfo-dcg-2026-04-18,lol-cfo-dcg-2026-04-18,https://polymarket.com/event/lol-cfo-dcg-2026-04-18,"[""Deep Cross Gaming"", ""CTBC Flying Oyster""]","[""616791263582492719846285664936551487956974754785403739018620672880681327237"", ""64934566687536300892969617135181715876394728120615636546616880734140378797392""]",2026-04-18,2026-04-18,KXLOLGAME-26APR180500DCGCFO,KXLOLGAME-26APR180500DCGCFO-DCG,Deep Cross Gaming,Will Deep Cross Gaming win the Deep Cross Gaming vs. CTBC Flying Oyster League of Legends match?,CTBC Flying Oyster; Deep Cross Gaming,2026-04-18,https://kalshi.com/markets/KXLOLGAME-26APR180500DCGCFO-DCG,2026-05-02T09:00:00Z,,
Esports,LoL,high,cloud9; disguised,0,1969030,cloud9 disguised,Cloud9,Cloud9; Disguised,2026-04-18,https://polymarket.com/event/lol-dsg-c9-2026-04-18,lol-dsg-c9-2026-04-18,https://polymarket.com/event/lol-dsg-c9-2026-04-18,"[""Cloud9"", ""Disguised""]","[""92143283655498689361692158320995487566354475049229215306148498881724834740138"", ""28088304872763226013703224106790007660620616891644934366657771438585694007945""]",2026-04-19,2026-04-19,KXLOLGAME-26APR181600C9DSG,KXLOLGAME-26APR181600C9DSG-C9,Cloud9,Will Cloud9 win the Cloud9 vs. Disguised League of Legends match?,Cloud9; Disguised,2026-04-18,https://kalshi.com/markets/KXLOLGAME-26APR181600C9DSG-C9,2026-05-02T20:00:00Z,,
Esports,LoL,high,cloud9; disguised,0,1969030,disguised cloud9,Disguised,Disguised; Cloud9,2026-04-18,https://polymarket.com/event/lol-dsg-c9-2026-04-18,lol-dsg-c9-2026-04-18,https://polymarket.com/event/lol-dsg-c9-2026-04-18,"[""Disguised"", ""Cloud9""]","[""28088304872763226013703224106790007660620616891644934366657771438585694007945"", ""92143283655498689361692158320995487566354475049229215306148498881724834740138""]",2026-04-19,2026-04-19,KXLOLMAP-26APR181600C9DSG-1,KXLOLMAP-26APR181600C9DSG-1-DSG,Disguised,Will Disguised win map 1 in the Cloud9 vs. Disguised match?,Cloud9; Disguised,2026-04-18,https://kalshi.com/markets/KXLOLMAP-26APR181600C9DSG-1-DSG,2026-05-02T20:00:00Z,,
Esports,LoL,high,flyquest; sentinels,0,1969057,flyquest sentinels,FlyQuest,FlyQuest; Sentinels,2026-04-18,https://polymarket.com/event/lol-sen-fly-2026-04-18,lol-sen-fly-2026-04-18,https://polymarket.com/event/lol-sen-fly-2026-04-18,"[""FlyQuest"", ""Sentinels""]","[""11597267309747131067761436798596866840227391349444893633189568300313625080252"", ""3717908612260708015229649888011622915154710500628785170089370639303079385898""]",2026-04-19,2026-04-19,KXLOLGAME-26APR181900FLYSEN,KXLOLGAME-26APR181900FLYSEN-FLY,FlyQuest,Will FlyQuest win the FlyQuest vs. Sentinels League of Legends match?,FlyQuest; Sentinels,2026-04-18,https://kalshi.com/markets/KXLOLGAME-26APR181900FLYSEN-FLY,2026-05-02T23:00:00Z,,
Esports,LoL,high,flyquest; sentinels,0,1969057,sentinels flyquest,Sentinels,Sentinels; FlyQuest,2026-04-18,https://polymarket.com/event/lol-sen-fly-2026-04-18,lol-sen-fly-2026-04-18,https://polymarket.com/event/lol-sen-fly-2026-04-18,"[""Sentinels"", ""FlyQuest""]","[""3717908612260708015229649888011622915154710500628785170089370639303079385898"", ""11597267309747131067761436798596866840227391349444893633189568300313625080252""]",2026-04-19,2026-04-19,KXLOLGAME-26APR181900FLYSEN,KXLOLGAME-26APR181900FLYSEN-SEN,Sentinels,Will Sentinels win the FlyQuest vs. Sentinels League of Legends match?,FlyQuest; Sentinels,2026-04-18,https://kalshi.com/markets/KXLOLGAME-26APR181900FLYSEN-SEN,2026-05-02T23:00:00Z,,
Basketball,NBA,high,cavaliers; raptors,0,1969217,cavaliers raptors,Cavaliers,Cavaliers; Raptors,2026-04-18,https://polymarket.com/event/nba-tor-cle-2026-04-18,nba-tor-cle-2026-04-18,https://polymarket.com/event/nba-tor-cle-2026-04-18,"[""Cavaliers"", ""Raptors""]","[""101707776312993433788247578166605474286576082916033807919279395386959077302104"", ""105258950184760667183270532698300577038854468209447726738073081448087675682025""]",2026-04-18,2026-04-18,KXNBAGAME-26APR18TORCLE,KXNBAGAME-26APR18TORCLE-CLE,Cavaliers,Toronto at Cleveland Winner?,Raptors; Cavaliers,2026-04-18,https://kalshi.com/markets/KXNBAGAME-26APR18TORCLE-CLE,2026-05-02T17:00:00Z,,
Basketball,NBA,high,cavaliers; raptors,0,1969217,raptors cavaliers,Raptors,Raptors; Cavaliers,2026-04-18,https://polymarket.com/event/nba-tor-cle-2026-04-18,nba-tor-cle-2026-04-18,https://polymarket.com/event/nba-tor-cle-2026-04-18,"[""Raptors"", ""Cavaliers""]","[""105258950184760667183270532698300577038854468209447726738073081448087675682025"", ""101707776312993433788247578166605474286576082916033807919279395386959077302104""]",2026-04-18,2026-04-18,KXNBAGAME-26APR18TORCLE,KXNBAGAME-26APR18TORCLE-TOR,Raptors,Toronto at Cleveland Winner?,Raptors; Cavaliers,2026-04-18,https://kalshi.com/markets/KXNBAGAME-26APR18TORCLE-TOR,2026-05-02T17:00:00Z,,
Basketball,NBA,high,nuggets; timberwolves,0,1969221,nuggets timberwolves,Nuggets,Nuggets; Timberwolves,2026-04-18,https://polymarket.com/event/nba-min-den-2026-04-18,nba-min-den-2026-04-18,https://polymarket.com/event/nba-min-den-2026-04-18,"[""Nuggets"", ""Timberwolves""]","[""66690547649324163140175905845279856655045864927365165699322368973360811236644"", ""109051537640948643800134906113269803003597541933533806548865234860887610914081""]",2026-04-18,2026-04-18,KXNBAGAME-26APR18MINDEN,KXNBAGAME-26APR18MINDEN-DEN,Nuggets,Minnesota at Denver Winner?,Timberwolves; Nuggets,2026-04-18,https://kalshi.com/markets/KXNBAGAME-26APR18MINDEN-DEN,2026-05-02T19:30:00Z,,
Basketball,NBA,high,nuggets; timberwolves,0,1969221,timberwolves nuggets,Timberwolves,Timberwolves; Nuggets,2026-04-18,https://polymarket.com/event/nba-min-den-2026-04-18,nba-min-den-2026-04-18,https://polymarket.com/event/nba-min-den-2026-04-18,"[""Timberwolves"", ""Nuggets""]","[""109051537640948643800134906113269803003597541933533806548865234860887610914081"", ""66690547649324163140175905845279856655045864927365165699322368973360811236644""]",2026-04-18,2026-04-18,KXNBAGAME-26APR18MINDEN,KXNBAGAME-26APR18MINDEN-MIN,Timberwolves,Minnesota at Denver Winner?,Timberwolves; Nuggets,2026-04-18,https://kalshi.com/markets/KXNBAGAME-26APR18MINDEN-MIN,2026-05-02T19:30:00Z,,
Basketball,NBA,high,hawks; knicks,0,1969223,hawks knicks,Hawks,Hawks; Knicks,2026-04-18,https://polymarket.com/event/nba-atl-nyk-2026-04-18,nba-atl-nyk-2026-04-18,https://polymarket.com/event/nba-atl-nyk-2026-04-18,"[""Hawks"", ""Knicks""]","[""17221653526634631713542340088525342372585561796004831914246354179817667843372"", ""98267972976134222324792935024985054545908362226512649978132983128980427610600""]",2026-04-18,2026-04-18,KXNBAGAME-26APR18ATLNYK,KXNBAGAME-26APR18ATLNYK-ATL,Hawks,Atlanta at New York Winner?,Hawks; Knicks,2026-04-18,https://kalshi.com/markets/KXNBAGAME-26APR18ATLNYK-ATL,2026-05-02T22:00:00Z,,
Basketball,NBA,high,hawks; knicks,0,1969223,knicks hawks,Knicks,Knicks; Hawks,2026-04-18,https://polymarket.com/event/nba-atl-nyk-2026-04-18,nba-atl-nyk-2026-04-18,https://polymarket.com/event/nba-atl-nyk-2026-04-18,"[""Knicks"", ""Hawks""]","[""98267972976134222324792935024985054545908362226512649978132983128980427610600"", ""17221653526634631713542340088525342372585561796004831914246354179817667843372""]",2026-04-18,2026-04-18,KXNBAGAME-26APR18ATLNYK,KXNBAGAME-26APR18ATLNYK-NYK,Knicks,Atlanta at New York Winner?,Hawks; Knicks,2026-04-18,https://kalshi.com/markets/KXNBAGAME-26APR18ATLNYK-NYK,2026-05-02T22:00:00Z,,
Basketball,NBA,high,lakers; rockets,0,1969231,lakers rockets,Lakers,Lakers; Rockets,2026-04-18,https://polymarket.com/event/nba-hou-lal-2026-04-18,nba-hou-lal-2026-04-18,https://polymarket.com/event/nba-hou-lal-2026-04-18,"[""Lakers"", ""Rockets""]","[""48821129411922030205570488861222488985923634925778304973221905773806454510743"", ""108398358257997575135953254321085742896461676929520608585685508063887968910985""]",2026-04-19,2026-04-19,KXNBAGAME-26APR18HOULAL,KXNBAGAME-26APR18HOULAL-LAL,Lakers,Houston at Los Angeles L Winner?,Rockets; Lakers,2026-04-18,https://kalshi.com/markets/KXNBAGAME-26APR18HOULAL-LAL,2026-05-03T00:30:00Z,,
Basketball,NBA,high,lakers; rockets,0,1969231,rockets lakers,Rockets,Rockets; Lakers,2026-04-18,https://polymarket.com/event/nba-hou-lal-2026-04-18,nba-hou-lal-2026-04-18,https://polymarket.com/event/nba-hou-lal-2026-04-18,"[""Rockets"", ""Lakers""]","[""108398358257997575135953254321085742896461676929520608585685508063887968910985"", ""48821129411922030205570488861222488985923634925778304973221905773806454510743""]",2026-04-19,2026-04-19,KXNBAGAME-26APR18HOULAL,KXNBAGAME-26APR18HOULAL-HOU,Rockets,Houston at Los Angeles L Winner?,Rockets; Lakers,2026-04-18,https://kalshi.com/markets/KXNBAGAME-26APR18HOULAL-HOU,2026-05-03T00:30:00Z,,
Esports,LoL,high,g2 esports; sk gaming,0,1978441,g2 esports sk gaming,G2 Esports,G2 Esports; SK Gaming,2026-04-18,https://polymarket.com/event/lol-g2-sk-2026-04-18,lol-g2-sk-2026-04-18,https://polymarket.com/event/lol-g2-sk-2026-04-18,"[""G2 Esports"", ""SK Gaming""]","[""92263641437860952593228538833600058844230430776227774679972642566930366705593"", ""6645495331314598240247012477158854517001366474641166656224693280457338891980""]",2026-04-18,2026-04-18,KXLOLGAME-26APR181315SKG2,KXLOLGAME-26APR181315SKG2-G2,G2 Esports,Will G2 Esports win the SK Gaming vs. G2 Esports League of Legends match?,G2 Esports; SK Gaming,2026-04-18,https://kalshi.com/markets/KXLOLGAME-26APR181315SKG2-G2,2026-05-02T17:15:00Z,,
Esports,LoL,high,g2 esports; sk gaming,0,1978441,sk gaming g2 esports,SK Gaming,SK Gaming; G2 Esports,2026-04-18,https://polymarket.com/event/lol-g2-sk-2026-04-18,lol-g2-sk-2026-04-18,https://polymarket.com/event/lol-g2-sk-2026-04-18,"[""SK Gaming"", ""G2 Esports""]","[""6645495331314598240247012477158854517001366474641166656224693280457338891980"", ""92263641437860952593228538833600058844230430776227774679972642566930366705593""]",2026-04-18,2026-04-18,KXLOLGAME-26APR181315SKG2,KXLOLGAME-26APR181315SKG2-SK,SK Gaming,Will SK Gaming win the SK Gaming vs. G2 Esports League of Legends match?,G2 Esports; SK Gaming,2026-04-18,https://kalshi.com/markets/KXLOLGAME-26APR181315SKG2-SK,2026-05-02T17:15:00Z,,
Tennis,ATP,high,royer; schwaerzler,0,1994427,royer schwaerzler,Joel Schwaerzler,Royer; Schwaerzler,2026-04-17,https://polymarket.com/event/atp-royer-schwaer-2026-04-17,atp-royer-schwaer-2026-04-17,https://polymarket.com/event/atp-royer-schwaer-2026-04-17,"[""Joel Schwaerzler"", ""Valentin Royer""]","[""108361657791630164590315235983136093154261510000577684816207740571832976012917"", ""77084240591506417900458947473028489859237358835508784712000319625232329692983""]",2026-04-24,2026-04-24,KXATPCHALLENGERMATCH-26APR17ROYSCH,KXATPCHALLENGERMATCH-26APR17ROYSCH-SCH,Schwaerzler,Will Joel Schwaerzler win the Royer vs Schwaerzler: Quarterfinal match?,Royer; Schwaerzler,2026-04-17,https://kalshi.com/markets/KXATPCHALLENGERMATCH-26APR17ROYSCH-SCH,2026-05-01T12:20:00Z,,
Tennis,ATP,high,royer; schwaerzler,0,1994427,royer schwaerzler,Valentin Royer,Royer; Schwaerzler,2026-04-17,https://polymarket.com/event/atp-royer-schwaer-2026-04-17,atp-royer-schwaer-2026-04-17,https://polymarket.com/event/atp-royer-schwaer-2026-04-17,"[""Valentin Royer"", ""Joel Schwaerzler""]","[""77084240591506417900458947473028489859237358835508784712000319625232329692983"", ""108361657791630164590315235983136093154261510000577684816207740571832976012917""]",2026-04-24,2026-04-24,KXATPCHALLENGERMATCH-26APR17ROYSCH,KXATPCHALLENGERMATCH-26APR17ROYSCH-ROY,Royer,Will Valentin Royer win the Royer vs Schwaerzler: Quarterfinal match?,Royer; Schwaerzler,2026-04-17,https://kalshi.com/markets/KXATPCHALLENGERMATCH-26APR17ROYSCH-ROY,2026-05-01T12:20:00Z,,
Tennis,ATP,high,barton; mmoh,0,1994428,barton mmoh,Michael Mmoh,Barton; Mmoh,2026-04-17,https://polymarket.com/event/atp-barton-mmoh-2026-04-17,atp-barton-mmoh-2026-04-17,https://polymarket.com/event/atp-barton-mmoh-2026-04-17,"[""Michael Mmoh"", ""Hynek Barton""]","[""55475357099890176011713188688726857061079948956406746277397721154223150541078"", ""12049421632225010950101442300581798537252560861165660880059574439116927806121""]",2026-04-24,2026-04-24,KXATPCHALLENGERMATCH-26APR17BARMMO,KXATPCHALLENGERMATCH-26APR17BARMMO-MMO,Mmoh,Will Michael Mmoh win the Barton vs Mmoh: Quarterfinal match?,Barton; Mmoh,2026-04-17,https://kalshi.com/markets/KXATPCHALLENGERMATCH-26APR17BARMMO-MMO,2026-05-01T17:10:00Z,,
Tennis,ATP,high,dias; silva,0,1996238,silva dias,Joao Lucas Da Silva,Silva; Dias,2026-04-17,https://polymarket.com/event/atp-silv-dias-2026-04-17,atp-silv-dias-2026-04-17,https://polymarket.com/event/atp-silv-dias-2026-04-17,"[""Joao Lucas Da Silva"", ""Pedro Boscardin Dias""]","[""46796881440858306110021255363739264094881880832097293743265230165838091420375"", ""54900091865624814824556489814748789287540229706251661759903688911775415322207""]",2026-04-24,2026-04-24,KXATPCHALLENGERMATCH-26APR17REIBOS,KXATPCHALLENGERMATCH-26APR17REIBOS-REI,,Will Joao Lucas Reis Da Silva win the Reis Da Silva vs Boscardin Dias: Quarterfinal match?,Silva; Dias,2026-04-17,https://kalshi.com/markets/KXATPCHALLENGERMATCH-26APR17REIBOS-REI,2026-05-01T16:00:00Z,,
Tennis,ATP,high,broady; holmgren,0,1998213,holmgren broady,Liam Broady,Holmgren; Broady,2026-04-17,https://polymarket.com/event/atp-holmgre-broady-2026-04-17,atp-holmgre-broady-2026-04-17,https://polymarket.com/event/atp-holmgre-broady-2026-04-17,"[""Liam Broady"", ""August Holmgren""]","[""73517929398822392656736324867819526385533345395602906565619000219136256018887"", ""13969328376939488901535598350585209211518510663457287120844882581684953808539""]",2026-04-24,2026-04-24,KXATPCHALLENGERMATCH-26APR17HOLBRO,KXATPCHALLENGERMATCH-26APR17HOLBRO-BRO,Broady,Will Liam Broady win the Holmgren vs Broady: Quarterfinal match?,Holmgren; Broady,2026-04-17,https://kalshi.com/markets/KXATPCHALLENGERMATCH-26APR17HOLBRO-BRO,2026-05-01T04:20:00Z,,
Basketball,NBA,high,suns; warriors,0,1999253,suns warriors,Suns,Suns; Warriors,2026-04-17,https://polymarket.com/event/nba-gsw-phx-2026-04-17,nba-gsw-phx-2026-04-17,https://polymarket.com/event/nba-gsw-phx-2026-04-17,"[""Suns"", ""Warriors""]","[""71605231222505832481661629540705063397390747980537417961159193338092342802430"", ""84387820994090821053118046533925061429236648429976774349964901631490719854548""]",2026-04-18,2026-04-18,KXNBAGAME-26APR17GSWPHX,KXNBAGAME-26APR17GSWPHX-PHX,Suns,Golden State at Phoenix Winner?,Warriors; Suns,2026-04-17,https://kalshi.com/markets/KXNBAGAME-26APR17GSWPHX-PHX,2026-05-02T02:00:00Z,,
Basketball,NBA,high,suns; warriors,0,1999253,warriors suns,Warriors,Warriors; Suns,2026-04-17,https://polymarket.com/event/nba-gsw-phx-2026-04-17,nba-gsw-phx-2026-04-17,https://polymarket.com/event/nba-gsw-phx-2026-04-17,"[""Warriors"", ""Suns""]","[""84387820994090821053118046533925061429236648429976774349964901631490719854548"", ""71605231222505832481661629540705063397390747980537417961159193338092342802430""]",2026-04-18,2026-04-18,KXNBAGAME-26APR17GSWPHX,KXNBAGAME-26APR17GSWPHX-GSW,Warriors,Golden State at Phoenix Winner?,Warriors; Suns,2026-04-17,https://kalshi.com/markets/KXNBAGAME-26APR17GSWPHX-GSW,2026-05-02T02:00:00Z,,
Basketball,NBA,high,suns; warriors,0,1999325,suns warriors,Suns,Suns; Warriors,2026-04-17,https://polymarket.com/event/nba-gsw-phx-2026-04-17-1h-moneyline,nba-gsw-phx-2026-04-17-1h-moneyline,https://polymarket.com/event/nba-gsw-phx-2026-04-17-1h-moneyline,"[""Suns"", ""Warriors""]","[""24392518312509553888678350216177564787997740737755513095970662730032669579428"", ""76945536206149883439434413852037521067128546460579772401417732313090043760714""]",2026-04-18,2026-04-18,KXNBA1HWINNER-26APR17GSWPHX,KXNBA1HWINNER-26APR17GSWPHX-PHX,Suns,Golden State vs Phoenix: First Half Winner?,Warriors; Suns,2026-04-17,https://kalshi.com/markets/KXNBA1HWINNER-26APR17GSWPHX-PHX,2026-05-02T02:00:00Z,,
Basketball,NBA,high,suns; warriors,0,1999325,warriors suns,Warriors,Warriors; Suns,2026-04-17,https://polymarket.com/event/nba-gsw-phx-2026-04-17-1h-moneyline,nba-gsw-phx-2026-04-17-1h-moneyline,https://polymarket.com/event/nba-gsw-phx-2026-04-17-1h-moneyline,"[""Warriors"", ""Suns""]","[""76945536206149883439434413852037521067128546460579772401417732313090043760714"", ""24392518312509553888678350216177564787997740737755513095970662730032669579428""]",2026-04-18,2026-04-18,KXNBA1HWINNER-26APR17GSWPHX,KXNBA1HWINNER-26APR17GSWPHX-GSW,Warriors,Golden State vs Phoenix: First Half Winner?,Warriors; Suns,2026-04-17,https://kalshi.com/markets/KXNBA1HWINNER-26APR17GSWPHX-GSW,2026-05-02T02:00:00Z,,
Tennis,ATP,high,molcan; shapovalov,0,1999945,shapovalov molcan,Alex Molcan,Shapovalov; Molcan,2026-04-17,https://polymarket.com/event/atp-shapova-molcan-2026-04-17,atp-shapova-molcan-2026-04-17,https://polymarket.com/event/atp-shapova-molcan-2026-04-17,"[""Alex Molcan"", ""Denis Shapovalov""]","[""95621157303522834046838150348844920873246545838725660114271913110567713100598"", ""100228369565017338967238514792134397002692883829686134316555101353930023605682""]",2026-04-24,2026-04-24,KXATPMATCH-26APR17SHAMOL,KXATPMATCH-26APR17SHAMOL-MOL,Molcan,Will Alex Molcan win the Shapovalov vs Molcan: Quarterfinal match?,Shapovalov; Molcan,2026-04-17,https://kalshi.com/markets/KXATPMATCH-26APR17SHAMOL-MOL,2026-05-01T12:30:00Z,,
Tennis,ATP,high,molcan; shapovalov,0,1999945,shapovalov molcan,Denis Shapovalov,Shapovalov; Molcan,2026-04-17,https://polymarket.com/event/atp-shapova-molcan-2026-04-17,atp-shapova-molcan-2026-04-17,https://polymarket.com/event/atp-shapova-molcan-2026-04-17,"[""Denis Shapovalov"", ""Alex Molcan""]","[""100228369565017338967238514792134397002692883829686134316555101353930023605682"", ""95621157303522834046838150348844920873246545838725660114271913110567713100598""]",2026-04-24,2026-04-24,KXATPMATCH-26APR17SHAMOL,KXATPMATCH-26APR17SHAMOL-SHA,Shapovalov,Will Denis Shapovalov win the Shapovalov vs Molcan: Quarterfinal match?,Shapovalov; Molcan,2026-04-17,https://kalshi.com/markets/KXATPMATCH-26APR17SHAMOL-SHA,2026-05-01T12:30:00Z,,
Tennis,WTA,high,andreeva; swiatek,0,1999946,swiatek andreeva,Iga Swiatek,Swiatek; Andreeva,2026-04-17,https://polymarket.com/event/wta-swiatek-andreev-2026-04-17,wta-swiatek-andreev-2026-04-17,https://polymarket.com/event/wta-swiatek-andreev-2026-04-17,"[""Iga Swiatek"", ""Mirra Andreeva""]","[""50748170340706725954525839635217060234733869863317718747865458006432626300059"", ""33452948997980905557804941007634696395030267885996680604531537840506301850362""]",2026-04-24,2026-04-24,KXWTAMATCH-26APR17SWIAND,KXWTAMATCH-26APR17SWIAND-SWI,Swiatek,Will Iga Swiatek win the Swiatek vs Andreeva: Quarterfinal match?,Swiatek; Andreeva,2026-04-17,https://kalshi.com/markets/KXWTAMATCH-26APR17SWIAND-SWI,2026-05-01T10:30:00Z,,
Tennis,WTA,high,andreeva; swiatek,0,1999946,swiatek andreeva,Mirra Andreeva,Swiatek; Andreeva,2026-04-17,https://polymarket.com/event/wta-swiatek-andreev-2026-04-17,wta-swiatek-andreev-2026-04-17,https://polymarket.com/event/wta-swiatek-andreev-2026-04-17,"[""Mirra Andreeva"", ""Iga Swiatek""]","[""33452948997980905557804941007634696395030267885996680604531537840506301850362"", ""50748170340706725954525839635217060234733869863317718747865458006432626300059""]",2026-04-24,2026-04-24,KXWTAMATCH-26APR17SWIAND,KXWTAMATCH-26APR17SWIAND-AND,Andreeva,Will Mirra Andreeva win the Swiatek vs Andreeva: Quarterfinal match?,Swiatek; Andreeva,2026-04-17,https://kalshi.com/markets/KXWTAMATCH-26APR17SWIAND-AND,2026-05-01T10:30:00Z,,
Esports,Dota 2,high,gamerlegion; team liquid,0,2001429,gamerlegion team liquid,GamerLegion,GamerLegion; Team Liquid,2026-04-18,https://polymarket.com/event/dota2-liquid-gl-2026-04-18,dota2-liquid-gl-2026-04-18,https://polymarket.com/event/dota2-liquid-gl-2026-04-18,"[""GamerLegion"", ""Team Liquid""]","[""13615317389852601657937741662026263191181803037991276753936219827994768617597"", ""26865288355822340197180140393261123210121566280248217494786786006127395868640""]",2026-04-18,2026-04-18,KXDOTA2GAME-26APR180700GLLIQUID,KXDOTA2GAME-26APR180700GLLIQUID-GL,GamerLegion,Will GamerLegion win the GamerLegion vs. Team Liquid Dota 2 match?,GamerLegion; Team Liquid,2026-04-18,https://kalshi.com/markets/KXDOTA2GAME-26APR180700GLLIQUID-GL,2026-05-02T11:00:00Z,,
Esports,Dota 2,high,gamerlegion; team liquid,0,2001429,team liquid gamerlegion,Team Liquid,Team Liquid; GamerLegion,2026-04-18,https://polymarket.com/event/dota2-liquid-gl-2026-04-18,dota2-liquid-gl-2026-04-18,https://polymarket.com/event/dota2-liquid-gl-2026-04-18,"[""Team Liquid"", ""GamerLegion""]","[""26865288355822340197180140393261123210121566280248217494786786006127395868640"", ""13615317389852601657937741662026263191181803037991276753936219827994768617597""]",2026-04-18,2026-04-18,KXDOTA2MAP-26APR180700GLLIQUID-1,KXDOTA2MAP-26APR180700GLLIQUID-1-LIQUID,Team Liquid,Will Team Liquid win map 1 in the GamerLegion vs. Team Liquid match?,GamerLegion; Team Liquid,2026-04-18,https://kalshi.com/markets/KXDOTA2MAP-26APR180700GLLIQUID-1-LIQUID,2026-05-02T11:00:00Z,,
Tennis,ATP,high,faria; safiullin,0,2002215,faria safiullin,Jaime Faria,Faria; Safiullin,2026-04-17,https://polymarket.com/event/atp-faria-safiull-2026-04-17,atp-faria-safiull-2026-04-17,https://polymarket.com/event/atp-faria-safiull-2026-04-17,"[""Jaime Faria"", ""Roman Safiullin""]","[""86092519638450277032611465060930828269590290403140072822029254066043767220360"", ""15142134765856187629302981056921545449704523396184260087184423229495785237043""]",2026-04-24,2026-04-24,KXATPCHALLENGERMATCH-26APR17FARSAF,KXATPCHALLENGERMATCH-26APR17FARSAF-FAR,Faria,Will Jaime Faria win the Faria vs Safiullin: Quarterfinal match?,Faria; Safiullin,2026-04-17,https://kalshi.com/markets/KXATPCHALLENGERMATCH-26APR17FARSAF-FAR,2026-05-01T12:20:00Z,,
Tennis,ATP,high,faria; safiullin,0,2002215,faria safiullin,Roman Safiullin,Faria; Safiullin,2026-04-17,https://polymarket.com/event/atp-faria-safiull-2026-04-17,atp-faria-safiull-2026-04-17,https://polymarket.com/event/atp-faria-safiull-2026-04-17,"[""Roman Safiullin"", ""Jaime Faria""]","[""15142134765856187629302981056921545449704523396184260087184423229495785237043"", ""86092519638450277032611465060930828269590290403140072822029254066043767220360""]",2026-04-24,2026-04-24,KXATPCHALLENGERMATCH-26APR17FARSAF,KXATPCHALLENGERMATCH-26APR17FARSAF-SAF,Safiullin,Will Roman Safiullin win the Faria vs Safiullin: Quarterfinal match?,Faria; Safiullin,2026-04-17,https://kalshi.com/markets/KXATPCHALLENGERMATCH-26APR17FARSAF-SAF,2026-05-01T12:20:00Z,,
Tennis,WTA,high,bondar; cirstea,0,2002216,bondar cirstea,Anna Bondar,Bondar; Cirstea,2026-04-17,https://polymarket.com/event/wta-bondar-cirstea-2026-04-17,wta-bondar-cirstea-2026-04-17,https://polymarket.com/event/wta-bondar-cirstea-2026-04-17,"[""Anna Bondar"", ""Sorana Cirstea""]","[""72246895383158141175915664824093284593704796782583318447709069670289393979301"", ""94455898093637600937564358254558381500443961836592410409648580467842843310677""]",2026-04-24,2026-04-24,KXWTAMATCH-26APR17BONCIR,KXWTAMATCH-26APR17BONCIR-BON,Bondar,Will Anna Bondar win the Bondar vs Cirstea: Quarterfinal match?,Bondar; Cirstea,2026-04-17,https://kalshi.com/markets/KXWTAMATCH-26APR17BONCIR-BON,2026-05-01T09:30:00Z,,
Tennis,WTA,high,bondar; cirstea,0,2002216,bondar cirstea,Sorana Cirstea,Bondar; Cirstea,2026-04-17,https://polymarket.com/event/wta-bondar-cirstea-2026-04-17,wta-bondar-cirstea-2026-04-17,https://polymarket.com/event/wta-bondar-cirstea-2026-04-17,"[""Sorana Cirstea"", ""Anna Bondar""]","[""94455898093637600937564358254558381500443961836592410409648580467842843310677"", ""72246895383158141175915664824093284593704796782583318447709069670289393979301""]",2026-04-24,2026-04-24,KXWTAMATCH-26APR17BONCIR,KXWTAMATCH-26APR17BONCIR-CIR,Cirstea,Will Sorana Cirstea win the Bondar vs Cirstea: Quarterfinal match?,Bondar; Cirstea,2026-04-17,https://kalshi.com/markets/KXWTAMATCH-26APR17BONCIR-CIR,2026-05-01T09:30:00Z,,
Tennis,WTA,high,fernandez; rybakina,0,2002225,rybakina fernandez,Elena Rybakina,Rybakina; Fernandez,2026-04-17,https://polymarket.com/event/wta-rybakin-fernand-2026-04-17,wta-rybakin-fernand-2026-04-17,https://polymarket.com/event/wta-rybakin-fernand-2026-04-17,"[""Elena Rybakina"", ""Leylah Fernandez""]","[""1485789193544123147835376593788444693914362723693075999801451392188665121498"", ""18644431922563469102099231229056170323712009406632896981519164451756807304492""]",2026-04-24,2026-04-24,KXWTAMATCH-26APR17RYBFER,KXWTAMATCH-26APR17RYBFER-RYB,Rybakina,Will Elena Rybakina win the Rybakina vs Fernandez: Quarterfinal match?,Rybakina; Fernandez,2026-04-17,https://kalshi.com/markets/KXWTAMATCH-26APR17RYBFER-RYB,2026-05-01T16:30:00Z,,
Tennis,WTA,high,fernandez; rybakina,0,2002225,rybakina fernandez,Leylah Fernandez,Rybakina; Fernandez,2026-04-17,https://polymarket.com/event/wta-rybakin-fernand-2026-04-17,wta-rybakin-fernand-2026-04-17,https://polymarket.com/event/wta-rybakin-fernand-2026-04-17,"[""Leylah Fernandez"", ""Elena Rybakina""]","[""18644431922563469102099231229056170323712009406632896981519164451756807304492"", ""1485789193544123147835376593788444693914362723693075999801451392188665121498""]",2026-04-24,2026-04-24,KXWTAMATCH-26APR17RYBFER,KXWTAMATCH-26APR17RYBFER-FER,Fernandez,Will Leylah Fernandez win the Rybakina vs Fernandez: Quarterfinal match?,Rybakina; Fernandez,2026-04-17,https://kalshi.com/markets/KXWTAMATCH-26APR17RYBFER-FER,2026-05-01T16:30:00Z,,
Tennis,ATP,high,tabur; zink,0,2002228,tabur zink,Clement Tabur,Tabur; Zink,2026-04-17,https://polymarket.com/event/atp-tabur-zink-2026-04-17,atp-tabur-zink-2026-04-17,https://polymarket.com/event/atp-tabur-zink-2026-04-17,"[""Clement Tabur"", ""Tyler Zink""]","[""104303631484063300446697532246293253714475538962741722886128783647427907499288"", ""96291556472186824461463365380756464451417766556900525245305240563294373631496""]",2026-04-24,2026-04-24,KXATPCHALLENGERMATCH-26APR17TABZIN,KXATPCHALLENGERMATCH-26APR17TABZIN-TAB,Tabur,Will Clement Tabur win the Tabur vs Zink: Quarterfinal match?,Tabur; Zink,2026-04-17,https://kalshi.com/markets/KXATPCHALLENGERMATCH-26APR17TABZIN-TAB,2026-05-01T23:10:00Z,,
Tennis,ATP,high,tabur; zink,0,2002228,tabur zink,Tyler Zink,Tabur; Zink,2026-04-17,https://polymarket.com/event/atp-tabur-zink-2026-04-17,atp-tabur-zink-2026-04-17,https://polymarket.com/event/atp-tabur-zink-2026-04-17,"[""Tyler Zink"", ""Clement Tabur""]","[""96291556472186824461463365380756464451417766556900525245305240563294373631496"", ""104303631484063300446697532246293253714475538962741722886128783647427907499288""]",2026-04-24,2026-04-24,KXATPCHALLENGERMATCH-26APR17TABZIN,KXATPCHALLENGERMATCH-26APR17TABZIN-ZIN,Zink,Will Tyler Zink win the Tabur vs Zink: Quarterfinal match?,Tabur; Zink,2026-04-17,https://kalshi.com/markets/KXATPCHALLENGERMATCH-26APR17TABZIN-ZIN,2026-05-01T23:10:00Z,,
Tennis,ATP,high,aboian; dellien,0,2003572,dellien aboian,Valerio Aboian,Dellien; Aboian,2026-04-17,https://polymarket.com/event/atp-dellien-aboian-2026-04-17,atp-dellien-aboian-2026-04-17,https://polymarket.com/event/atp-dellien-aboian-2026-04-17,"[""Valerio Aboian"", ""Hugo Dellien""]","[""62033291148063470288560966399572343080085457091079208943094208330862783244287"", ""80543464979222706719851020644977750245621072466960608150771852696381357097366""]",2026-04-24,2026-04-24,KXATPCHALLENGERMATCH-26APR17DELABO,KXATPCHALLENGERMATCH-26APR17DELABO-ABO,Aboian,Will Valerio Aboian win the Dellien vs Aboian: Semifinal match?,Dellien; Aboian,2026-04-17,https://kalshi.com/markets/KXATPCHALLENGERMATCH-26APR17DELABO-ABO,2026-05-01T21:00:00Z,,
Tennis,ATP,high,glinka; kennedy,0,2003585,glinka kennedy,Daniil Glinka,Glinka; Kennedy,2026-04-17,https://polymarket.com/event/atp-glinka-kennedy-2026-04-17,atp-glinka-kennedy-2026-04-17,https://polymarket.com/event/atp-glinka-kennedy-2026-04-17,"[""Daniil Glinka"", ""Jack Kennedy""]","[""56443710706308391689314329971471018996044196245748252657002726431850335195583"", ""85412542912083611505905193439819951749061894986484054815383514550737432606002""]",2026-04-24,2026-04-24,KXATPCHALLENGERMATCH-26APR17GLIKEN,KXATPCHALLENGERMATCH-26APR17GLIKEN-GLI,Glinka,Will Daniil Glinka win the Glinka vs Kennedy: Quarterfinal match?,Glinka; Kennedy,2026-04-17,https://kalshi.com/markets/KXATPCHALLENGERMATCH-26APR17GLIKEN-GLI,2026-05-01T18:20:00Z,,
Tennis,ATP,high,glinka; kennedy,0,2003585,glinka kennedy,Jack Kennedy,Glinka; Kennedy,2026-04-17,https://polymarket.com/event/atp-glinka-kennedy-2026-04-17,atp-glinka-kennedy-2026-04-17,https://polymarket.com/event/atp-glinka-kennedy-2026-04-17,"[""Jack Kennedy"", ""Daniil Glinka""]","[""85412542912083611505905193439819951749061894986484054815383514550737432606002"", ""56443710706308391689314329971471018996044196245748252657002726431850335195583""]",2026-04-24,2026-04-24,KXATPCHALLENGERMATCH-26APR17GLIKEN,KXATPCHALLENGERMATCH-26APR17GLIKEN-KEN,Kennedy,Will Jack Kennedy win the Glinka vs Kennedy: Quarterfinal match?,Glinka; Kennedy,2026-04-17,https://kalshi.com/markets/KXATPCHALLENGERMATCH-26APR17GLIKEN-KEN,2026-05-01T18:20:00Z,,
