pair_id,title_clean,category_tag,similarity_score,poly_market_id,poly_slug,poly_url,poly_event_url,poly_outcomes_json,poly_token_ids_json,poly_primary_outcome,kalshi_market_id,kalshi_url,expiry_poly_utc,expiry_kalshi_utc,resolution_time_utc
pair-0270,Don Cheadle as James Rhodes / War Machine?,other,0.721,0x6fe9f26e476b3db70ddda41e130dae8afe499cb78ef247daaf3336217366ebde,don-cheadle-as-james-rhodes-war-machine,https://polymarket.com/event/which-characters-will-appear-in-avengers-doomsday,https://polymarket.com/event/which-characters-will-appear-in-avengers-doomsday,"[""Yes"", ""No""]","[""110533070401141175756093897533728505442755817510608792076026597145770415445875"", ""85778441912691463251341630554856249376099542098824579431300929900792989305758""]",yes,KXROLEINPRODUCTIONDOOMSDAY-DON,https://kalshi.com/markets/kxroleinproductiondoomsday,2026-12-18T00:00:00Z,2028-01-01T15:00:00Z,2028-01-01T15:00:00Z
pair-0271,Hailee Steinfeld as Kate Bishop?,other,0.686,0xf9a646015bbf0c35b5de4bd4d69a5c78edf65c1c94b05104717237de154fc173,hailee-steinfeld-as-kate-bishop,https://polymarket.com/event/which-characters-will-appear-in-avengers-doomsday,https://polymarket.com/event/which-characters-will-appear-in-avengers-doomsday,"[""Yes"", ""No""]","[""55395045076319062588397081101785435878149355480677564888519033706728493243064"", ""97875391356108545053805447795551643954885437349003365999359624350495902485944""]",yes,KXROLEINPRODUCTIONDOOMSDAY-HAI,https://kalshi.com/markets/kxroleinproductiondoomsday,2026-12-18T00:00:00Z,2028-01-01T15:00:00Z,2028-01-01T15:00:00Z
pair-0272,Andrew Garfield as Spider-Man?,other,0.664,0x07eaadb00e3996a0877b0242b702391addfe503766b0137807a41e13f5a0eb2d,andrew-garfield-as-spider-man,https://polymarket.com/event/which-characters-will-appear-in-avengers-doomsday,https://polymarket.com/event/which-characters-will-appear-in-avengers-doomsday,"[""Yes"", ""No""]","[""68016070898579371793410743715293986740416700371690232299536826711242218947817"", ""62875500961934867329643911972416953023569182994698161297915821723621708014068""]",yes,KXROLEINPRODUCTIONDOOMSDAY-AND,https://kalshi.com/markets/kxroleinproductiondoomsday,2026-12-18T00:00:00Z,2028-01-01T15:00:00Z,2028-01-01T15:00:00Z
pair-0273,Teyonah Parris as Monica Rambeau?,other,0.656,0xe9f21f3752e963d62932423d02def8a1dbb8039304582047258620e11755da34,teyonah-parris-as-monica-rambeau,https://polymarket.com/event/which-characters-will-appear-in-avengers-doomsday,https://polymarket.com/event/which-characters-will-appear-in-avengers-doomsday,"[""Yes"", ""No""]","[""72462514912914940166334920583853001835023998368835697910341655892717196263119"", ""83904617748987077445826053174824297828613093491674757041932411865009345410752""]",yes,KXROLEINPRODUCTIONDOOMSDAY-TEY,https://kalshi.com/markets/kxroleinproductiondoomsday,2026-12-18T00:00:00Z,2028-01-01T15:00:00Z,2028-01-01T15:00:00Z
pair-0274,Kathryn Newton as Cassie Lang?,other,0.654,0xb591dce919a811166f8b0db83b1c412ed16ef3d7c755b42a19daaaac715c5068,kathryn-newton-as-cassie-lang,https://polymarket.com/event/which-characters-will-appear-in-avengers-doomsday,https://polymarket.com/event/which-characters-will-appear-in-avengers-doomsday,"[""Yes"", ""No""]","[""67638020585446388190215869769224424761697244684156611996966432757821520587051"", ""26792167551994355377367015670194384938921892877807488094243261794338600991622""]",yes,KXROLEINPRODUCTIONDOOMSDAY-KET,https://kalshi.com/markets/kxroleinproductiondoomsday,2026-12-18T00:00:00Z,2028-01-01T15:00:00Z,2028-01-01T15:00:00Z
pair-0275,Benedict Cumberbatch as Doctor Strange?,other,0.654,0x2391aa63093c13686c5aedec491b8c140840e564ccb30ba9ccfefb35f0e9a7ed,benedict-cumberbatch-as-doctor-strange,https://polymarket.com/event/which-characters-will-appear-in-avengers-doomsday,https://polymarket.com/event/which-characters-will-appear-in-avengers-doomsday,"[""Yes"", ""No""]","[""16878050981643112777821059108171483937632060284831508053174271738315255620196"", ""13302320243880759658475151845787793152618664146766020467326370428391553385223""]",yes,KXROLEINPRODUCTIONDOOMSDAY-BEN,https://kalshi.com/markets/kxroleinproductiondoomsday,2026-12-18T00:00:00Z,2028-01-01T15:00:00Z,2028-01-01T15:00:00Z
pair-0276,Jon Favreau as Happy Hogan?,other,0.648,0x76415d8735b0e5bf13d2ec0473ead9bd40f07ea8c82487328408db95cb3a602f,jon-favreau-as-happy-hogan,https://polymarket.com/event/which-characters-will-appear-in-avengers-doomsday,https://polymarket.com/event/which-characters-will-appear-in-avengers-doomsday,"[""Yes"", ""No""]","[""7635952612306479744669760894674385336630785520358721944622354753351722785845"", ""58546825471137358096167515330633357061562140083382686893396632410637488473409""]",yes,KXROLEINPRODUCTIONDOOMSDAY-JONF,https://kalshi.com/markets/kxroleinproductiondoomsday,2026-12-18T00:00:00Z,2028-01-01T15:00:00Z,2028-01-01T15:00:00Z
pair-0277,Brie Larson as Captain Marvel?,other,0.645,0x7560d17de8eba126e67e2d32e88faf61b0fa558d88b258accaf097e43a0382c5,brie-larson-as-captain-marvel,https://polymarket.com/event/which-characters-will-appear-in-avengers-doomsday,https://polymarket.com/event/which-characters-will-appear-in-avengers-doomsday,"[""Yes"", ""No""]","[""72899848462865543220945202532588425068495923433389493382406947679185484132813"", ""106520483432245094343589248984020977986956989238104116572498313400925444640397""]",yes,KXROLEINPRODUCTIONDOOMSDAY-BRI,https://kalshi.com/markets/kxroleinproductiondoomsday,2026-12-18T00:00:00Z,2028-01-01T15:00:00Z,2028-01-01T15:00:00Z
pair-0278,Tom Holland as Spider-Man?,other,0.629,0x116ef6172ae1fa2b206be1910f41a27f4a25bb7ed54d761157973a59518bd3ad,tom-holland-as-spider-man,https://polymarket.com/event/which-characters-will-appear-in-avengers-doomsday,https://polymarket.com/event/which-characters-will-appear-in-avengers-doomsday,"[""Yes"", ""No""]","[""34663064867515617584765935115198899016647447627664745186284741307916425794046"", ""75932822712132238513281575898050236279657545696615509110518019834612475640299""]",yes,KXROLEINPRODUCTIONDOOMSDAY-TOM,https://kalshi.com/markets/kxroleinproductiondoomsday,2026-12-18T00:00:00Z,2028-01-01T15:00:00Z,2028-01-01T15:00:00Z
pair-0279,Halle Berry as Storm?,other,0.596,0xc5b8a7e89e60c30d6c1e3ab30353708344e571c5e0be69459b0de480f7e6fb72,halle-berry-as-storm,https://polymarket.com/event/which-characters-will-appear-in-avengers-doomsday,https://polymarket.com/event/which-characters-will-appear-in-avengers-doomsday,"[""Yes"", ""No""]","[""27551633642786834332917678086883178205516640494172228708865870949809507620740"", ""100270294749386062734664856836525535079810662801547357161884689034217519459107""]",yes,KXROLEINPRODUCTIONDOOMSDAY-HAL,https://kalshi.com/markets/kxroleinproductiondoomsday,2026-12-18T00:00:00Z,2028-01-01T15:00:00Z,2028-01-01T15:00:00Z
pair-0280,Evangeline Lilly as the Wasp?,other,0.572,0x4889f2333d0cda4368a7d37afc2a3a47fa628af304608c095774f3075c3eb95f,evangeline-lilly-as-the-wasp,https://polymarket.com/event/which-characters-will-appear-in-avengers-doomsday,https://polymarket.com/event/which-characters-will-appear-in-avengers-doomsday,"[""Yes"", ""No""]","[""29695671530536313457516666558005542666262253628506465864563646146385370317730"", ""25025747914699976404481213927442108889385577432543545426766956676959972594184""]",yes,KXROLEINPRODUCTIONDOOMSDAY-EVA,https://kalshi.com/markets/kxroleinproductiondoomsday,2026-12-18T00:00:00Z,2028-01-01T15:00:00Z,2028-01-01T15:00:00Z
pair-0281,Hugh Jackman as Wolverine?,other,0.571,0x9a22f275ad5ebdac774ea6ad6f9e52fcb252187980a0be2becdb24c338b9a716,hugh-jackman-as-wolverine,https://polymarket.com/event/which-characters-will-appear-in-avengers-doomsday,https://polymarket.com/event/which-characters-will-appear-in-avengers-doomsday,"[""Yes"", ""No""]","[""48064794488686843917149499597072747237209394936516446099300648605905231045943"", ""99017512968028483453891517632164814082918147593439590732330183017990507141513""]",yes,KXROLEINPRODUCTIONDOOMSDAY-HUG,https://kalshi.com/markets/kxroleinproductiondoomsday,2026-12-18T00:00:00Z,2028-01-01T15:00:00Z,2028-01-01T15:00:00Z
pair-0282,Ryan Reynolds as Deadpool?,other,0.564,0x5f74b5e8492af8a75bcc971e0285b6e4fea82d92d39e32dba1fb4e04db9bc837,ryan-reynolds-as-deadpool,https://polymarket.com/event/which-characters-will-appear-in-avengers-doomsday,https://polymarket.com/event/which-characters-will-appear-in-avengers-doomsday,"[""Yes"", ""No""]","[""90496311973171409724923046971385840325344448897935293744117929372074156151283"", ""1335751199437882375026809041325767986066902001511745256703623737370864205459""]",yes,KXROLEINPRODUCTIONDOOMSDAY-RYA,https://kalshi.com/markets/kxroleinproductiondoomsday,2026-12-18T00:00:00Z,2028-01-01T15:00:00Z,2028-01-01T15:00:00Z
pair-0283,Mark Ruffalo as Hulk?,other,0.562,0xd6696b1f8f76b02c28b1ad2288da9080cdb5f12a90fc6330cd1f4bd06a2ddd35,mark-ruffalo-as-hulk,https://polymarket.com/event/which-characters-will-appear-in-avengers-doomsday,https://polymarket.com/event/which-characters-will-appear-in-avengers-doomsday,"[""Yes"", ""No""]","[""2860693076653695599965928629982020461494274336384140162402005901946739318711"", ""25964585638044913464618784598296839197003759100171687695665075623301087435235""]",yes,KXROLEINPRODUCTIONDOOMSDAY-MAR,https://kalshi.com/markets/kxroleinproductiondoomsday,2026-12-18T00:00:00Z,2028-01-01T15:00:00Z,2028-01-01T15:00:00Z
pair-0284,Jonathan Majors as Kang?,other,0.561,0xdf0c6b5d69af22deae2f14aec8fc3c4c8f20e61e0a7de3a4861838cc9d984d8d,jonathan-majors-as-kang,https://polymarket.com/event/which-characters-will-appear-in-avengers-doomsday,https://polymarket.com/event/which-characters-will-appear-in-avengers-doomsday,"[""Yes"", ""No""]","[""107723483262157855463037037294122152692271330842115469912814669622690071699601"", ""84730877134541448868667240825011199179065085424867754678085920550194442346068""]",yes,KXROLEINPRODUCTIONDOOMSDAY-JON,https://kalshi.com/markets/kxroleinproductiondoomsday,2026-12-18T00:00:00Z,2028-01-01T15:00:00Z,2028-01-01T15:00:00Z
pair-0285,Benedict Wong as Wong?,other,0.547,0xb88efe58d64f0a8bd3a5c68097ea8d703407432f9557f2550e65e6725800956a,benedict-wong-as-wong,https://polymarket.com/event/which-characters-will-appear-in-avengers-doomsday,https://polymarket.com/event/which-characters-will-appear-in-avengers-doomsday,"[""Yes"", ""No""]","[""54990200879031463788652893045239153471158643902840850197825427743322983270572"", ""28423886756355677983486824371876131414844310498992693010765057451958906992010""]",yes,KXROLEINPRODUCTIONDOOMSDAY-BENE,https://kalshi.com/markets/kxroleinproductiondoomsday,2026-12-18T00:00:00Z,2028-01-01T15:00:00Z,2028-01-01T15:00:00Z
pair-0286,Will Stephenie LaGrossa Kendrick be voted off Survivor Season 50 this week?,politics,0.538,0x4ebd6385bc9a67daaff14a19bd9b0cfd3f5dbcf31d8f11ad411a839fb906088c,will-stephenie-lagrossa-kendrick-be-voted-off-survivor-season-50-this-week-227,https://polymarket.com/event/who-will-be-voted-off-survivor-season-50-this-week-april-1,https://polymarket.com/event/who-will-be-voted-off-survivor-season-50-this-week-april-1,"[""Yes"", ""No""]","[""40357725699336193941922823082068220680820244269507511834947697826242577875802"", ""85290954565923431031696093949266589086993060778488173900592284572471276079168""]",yes,KXSURVIVOR-26DEC31-STE,https://kalshi.com/markets/kxsurvivor-26dec31,2026-04-01T00:00:00Z,2027-01-07T15:00:00Z,2027-01-07T15:00:00Z
pair-0287,"Will Benjamin ""Coach"" Wade be voted off Survivor Season 50 this week?",politics,0.526,0x3cda4f606b4e685bd74603461ae98b0c3be55bd8243a9a1a596fa9e065009cb6,will-benjamin-coach-wade-be-voted-off-survivor-season-50-this-week-625,https://polymarket.com/event/who-will-be-voted-off-survivor-season-50-this-week-april-1,https://polymarket.com/event/who-will-be-voted-off-survivor-season-50-this-week-april-1,"[""Yes"", ""No""]","[""89138930997127561218991325051196920804199499939570396629393821404635743689629"", ""67463376265874027664151370792879092064856362566566106431834478783233452685942""]",yes,KXSURVIVOR-26DEC31-BEN,https://kalshi.com/markets/kxsurvivor-26dec31,2026-04-01T00:00:00Z,2027-01-07T15:00:00Z,2027-01-07T15:00:00Z
pair-0288,Will Tiffany Nicole Ervin be voted off Survivor Season 50 this week?,politics,0.510,0x7793c064ee0a5b4670ac8af2c53811f58bb907dd78f12fb1ed638982149e47e0,will-tiffany-nicole-ervin-be-voted-off-survivor-season-50-this-week-794,https://polymarket.com/event/who-will-be-voted-off-survivor-season-50-this-week-april-1,https://polymarket.com/event/who-will-be-voted-off-survivor-season-50-this-week-april-1,"[""Yes"", ""No""]","[""10115218463566716818641520105224090579127378907041401927913287864948883451924"", ""79934500148046997133752911895529852197156441852904414552723181611058003766465""]",yes,KXSURVIVOR-26DEC31-TIF,https://kalshi.com/markets/kxsurvivor-26dec31,2026-04-01T00:00:00Z,2027-01-07T15:00:00Z,2027-01-07T15:00:00Z
pair-0289,"Will ""Golden - HUNTR/X"" be the Billboard Hot 100 #1 song for the week of April 11?",entertainment,0.505,0x181096ba2fe62ee9a1209b99d4990197a2b4469b61e61c241b2cdb5929ad5547,will-golden-huntrx-be-the-billboard-hot-100-1-song-for-the-week-of-april-11,https://polymarket.com/event/billboard-hot-100-1-song-week-of-april-11,https://polymarket.com/event/billboard-hot-100-1-song-week-of-april-11,"[""Yes"", ""No""]","[""7529421093938544622057127362833172492338342964424255239173281545226333094582"", ""25636679881210805089080925809005902532998770062667868971740906866131549109814""]",yes,KXRANKLISTSONGGOL-26DEC-GOL,https://kalshi.com/markets/kxranklistsonggol-26dec,2026-04-06T00:00:00Z,2026-12-26T15:00:00Z,2026-12-26T15:00:00Z
pair-0290,Will Rizo Velovic be voted off Survivor Season 50 this week?,politics,0.487,0x7ec92bc5466c3d940f77b6c101d8c468c4f840cd1b7733676e5cb2f3cf4bbccd,will-rizo-velovic-be-voted-off-survivor-season-50-this-week-697,https://polymarket.com/event/who-will-be-voted-off-survivor-season-50-this-week-april-1,https://polymarket.com/event/who-will-be-voted-off-survivor-season-50-this-week-april-1,"[""Yes"", ""No""]","[""27831336197324267994380964225620189165480050942197982049331902115400239968622"", ""43589747245721301029578572007637058225574534114928171952432983243611247850658""]",yes,KXSURVIVOR-26DEC31-RIZ,https://kalshi.com/markets/kxsurvivor-26dec31,2026-04-01T00:00:00Z,2027-01-07T15:00:00Z,2027-01-07T15:00:00Z
pair-0292,Will Cirie Fields be voted off Survivor Season 50 this week?,politics,0.480,0x05a6be3d9fae5cc84ef2fa8ff65e5901dc5fe2f3e0a566e924bbc7764e48441a,will-cirie-fields-be-voted-off-survivor-season-50-this-week-329,https://polymarket.com/event/who-will-be-voted-off-survivor-season-50-this-week-april-1,https://polymarket.com/event/who-will-be-voted-off-survivor-season-50-this-week-april-1,"[""Yes"", ""No""]","[""42643201200718846314209644754864858669150269087194560911425075667613236629922"", ""106602281016594443671902516342442004876868913404095492814237312236074545052290""]",yes,KXSURVIVOR-26DEC31-CIR,https://kalshi.com/markets/kxsurvivor-26dec31,2026-04-01T00:00:00Z,2027-01-07T15:00:00Z,2027-01-07T15:00:00Z
pair-0293,Will Chrissy Hofbeck be voted off Survivor Season 50 this week?,politics,0.464,0xe2cdd14d5e83fdc4af262730ab18ab484b85947634566af296bd4a606b88e143,will-chrissy-hofbeck-be-voted-off-survivor-season-50-this-week-493,https://polymarket.com/event/who-will-be-voted-off-survivor-season-50-this-week-april-1,https://polymarket.com/event/who-will-be-voted-off-survivor-season-50-this-week-april-1,"[""Yes"", ""No""]","[""60559351739477248941382632624672070479806266296953089206978389999025075753924"", ""79323214231370011768825674684012525094443567837651857176463863669091008189582""]",yes,KXSURVIVOR-26DEC31-CHR,https://kalshi.com/markets/kxsurvivor-26dec31,2026-04-01T00:00:00Z,2027-01-07T15:00:00Z,2027-01-07T15:00:00Z
pair-0294,Will Dee Valladares be voted off Survivor Season 50 this week?,politics,0.464,0x477275f85edf6e9eaaa709a0c31c5814dcbe91ba3e217a27d4c2c2ffe4cd19e5,will-dee-valladares-be-voted-off-survivor-season-50-this-week-726,https://polymarket.com/event/who-will-be-voted-off-survivor-season-50-this-week-april-1,https://polymarket.com/event/who-will-be-voted-off-survivor-season-50-this-week-april-1,"[""Yes"", ""No""]","[""105192124958581206365674150856097825084043196297278255289673946715111918039705"", ""7476900446755306019148189072462274987677785245498761221413470735229677068478""]",yes,KXSURVIVOR-26DEC31-DEE,https://kalshi.com/markets/kxsurvivor-26dec31,2026-04-01T00:00:00Z,2027-01-07T15:00:00Z,2027-01-07T15:00:00Z
pair-0295,Will Kamilla Karthigesu be voted off Survivor Season 50 this week?,politics,0.464,0x72aba7b26a45105ce419c9b269dc397dca6ad6cc8682de6d980528c264336f47,will-kamilla-karthigesu-be-voted-off-survivor-season-50-this-week-431,https://polymarket.com/event/who-will-be-voted-off-survivor-season-50-this-week-april-1,https://polymarket.com/event/who-will-be-voted-off-survivor-season-50-this-week-april-1,"[""Yes"", ""No""]","[""12015614131775961734875188597187499043528504999333197807409990731807854995040"", ""63975026588929740116565121727706072128632145981353593529043667714221820645210""]",yes,KXSURVIVOR-26DEC31-KAM,https://kalshi.com/markets/kxsurvivor-26dec31,2026-04-01T00:00:00Z,2027-01-07T15:00:00Z,2027-01-07T15:00:00Z
pair-0296,Will Ozzy Lusth be voted off Survivor Season 50 this week?,politics,0.464,0x4489fc3678a94a75d256cfc5cab03d22e244d847300b0edeebe31e7137161f14,will-ozzy-lusth-be-voted-off-survivor-season-50-this-week-751,https://polymarket.com/event/who-will-be-voted-off-survivor-season-50-this-week-april-1,https://polymarket.com/event/who-will-be-voted-off-survivor-season-50-this-week-april-1,"[""Yes"", ""No""]","[""111998221735914423752953595745424976450441568746708424730407451650390301268815"", ""109528294188069499706179054984458550608117932950671003745658086041761026247149""]",yes,KXSURVIVOR-26DEC31-OZZ,https://kalshi.com/markets/kxsurvivor-26dec31,2026-04-01T00:00:00Z,2027-01-07T15:00:00Z,2027-01-07T15:00:00Z
pair-0297,Will Emily Flippen be voted off Survivor Season 50 this week?,politics,0.463,0x85afa0aabbb896021b86afb10a416472545c818f220bb93f60fb35bbb905f47b,will-emily-flippen-be-voted-off-survivor-season-50-this-week-955,https://polymarket.com/event/who-will-be-voted-off-survivor-season-50-this-week-april-1,https://polymarket.com/event/who-will-be-voted-off-survivor-season-50-this-week-april-1,"[""Yes"", ""No""]","[""71261456425367949524347410749937365460951324701742154854110564514137498215715"", ""45621520050621273781778350941991918927895598784033243561848946191462752740627""]",yes,KXSURVIVOR-26DEC31-EMI,https://kalshi.com/markets/kxsurvivor-26dec31,2026-04-01T00:00:00Z,2027-01-07T15:00:00Z,2027-01-07T15:00:00Z
pair-0298,Will Genevieve Mushaluk be voted off Survivor Season 50 this week?,politics,0.463,0xfe266844aca3aae24ef7afdeeac2e09b69a40b769dd2a79f7820219eb78bb691,will-genevieve-mushaluk-be-voted-off-survivor-season-50-this-week-299,https://polymarket.com/event/who-will-be-voted-off-survivor-season-50-this-week-april-1,https://polymarket.com/event/who-will-be-voted-off-survivor-season-50-this-week-april-1,"[""Yes"", ""No""]","[""75533339373189543390611877092194650964813025654768741325038546225355322953419"", ""88294742491110026859535991159696758108391461838873136555688230024307286080269""]",yes,KXSURVIVOR-26DEC31-GEN,https://kalshi.com/markets/kxsurvivor-26dec31,2026-04-01T00:00:00Z,2027-01-07T15:00:00Z,2027-01-07T15:00:00Z
pair-0299,Will Colby Donaldson be voted off Survivor Season 50 this week?,politics,0.460,0x3a4ea640b78ba45223622637aa46f354e43bde41d0350541383238da342a10ab,will-colby-donaldson-be-voted-off-survivor-season-50-this-week-474,https://polymarket.com/event/who-will-be-voted-off-survivor-season-50-this-week-april-1,https://polymarket.com/event/who-will-be-voted-off-survivor-season-50-this-week-april-1,"[""Yes"", ""No""]","[""28530703140158776382278034128230663451023716754184395028964712669690605077439"", ""76768000151741427130678687806523858656962644093734006195382913982948470589158""]",yes,KXSURVIVOR-26DEC31-COL,https://kalshi.com/markets/kxsurvivor-26dec31,2026-04-01T00:00:00Z,2027-01-07T15:00:00Z,2027-01-07T15:00:00Z
pair-0300,Will Rick Devens be voted off Survivor Season 50 this week?,politics,0.459,0x9593916e6b3bbd95dec792b9727aa2eda5bd46813e3a36efc022fcdf0c9f06ea,will-rick-devens-be-voted-off-survivor-season-50-this-week-896,https://polymarket.com/event/who-will-be-voted-off-survivor-season-50-this-week-april-1,https://polymarket.com/event/who-will-be-voted-off-survivor-season-50-this-week-april-1,"[""Yes"", ""No""]","[""28569712241378306712460122427898358948356171457553818640323372327464483369590"", ""39113184010276421641438963949693626228157015607918970333487044454240926850122""]",yes,KXSURVIVOR-26DEC31-RIC,https://kalshi.com/markets/kxsurvivor-26dec31,2026-04-01T00:00:00Z,2027-01-07T15:00:00Z,2027-01-07T15:00:00Z
pair-0302,Will Christian Hubicki be voted off Survivor Season 50 this week?,politics,0.455,0xd444f02c010e4916437c29d19e7cf5f7e18f7ffeaba79ae9f6eadc207f8a1eaf,will-christian-hubicki-be-voted-off-survivor-season-50-this-week-942,https://polymarket.com/event/who-will-be-voted-off-survivor-season-50-this-week-april-1,https://polymarket.com/event/who-will-be-voted-off-survivor-season-50-this-week-april-1,"[""Yes"", ""No""]","[""95533434496374794594544214539028784571114534454663937146476213099418385184650"", ""115591909443486645583992577884641400602144322929253378782703576460317424278321""]",yes,KXSURVIVOR-26DEC31-CHRI,https://kalshi.com/markets/kxsurvivor-26dec31,2026-04-01T00:00:00Z,2027-01-07T15:00:00Z,2027-01-07T15:00:00Z
pair-0303,Will Trump recognize Somaliland before 2027?,politics,1.103,0x48b6208c56c2bac5c29f4c91e951c2c17d706b38168d0487860e449a0bffb01a,will-trump-recognize-somaliland-before-2027,https://polymarket.com/event/will-trump-recognize-somaliland-before-2027,https://polymarket.com/event/will-trump-recognize-somaliland-before-2027,"[""Yes"", ""No""]","[""102929345572635447239887363328073498574489822201252070158392894695407110289078"", ""45379554986085871584947058416771977376718772776823210930085949823850591101312""]",yes,,https://kalshi.com/markets/kxrecogsomali-29,2026-12-31T00:00:00Z,2027-01-01T15:00:00Z,2027-01-01T15:00:00Z
